TIME,OPEN,HIGH,LOW,CLOSE,VOLUME
9-Oct-20,18,18,17.7,18,172500
8-Oct-20,18,18,17.51,17.98,1452500
7-Oct-20,18.5,18.8,18.01,18.21,210000
6-Oct-20,18.1,18.41,18.06,18.37,73000
5-Oct-20,18.25,18.49,17.5,18.05,278500
2-Oct-20,18.41,18.5,18.3,18.32,51000
1-Oct-20,18.42,18.64,18.41,18.52,958500
30-Sep-20,18.8,18.8,18.5,18.52,38000
29-Sep-20,18.51,18.9,18.51,18.9,126500
28-Sep-20,19.01,19.01,18.55,18.6,202500
25-Sep-20,18.82,19.29,18.81,18.99,19283500
24-Sep-20,19,19.05,18.84,19,45000
23-Sep-20,19,19.15,18.9,19.05,74000
22-Sep-20,19.15,19.4,18.91,19.01,131000
21-Sep-20,19.3,19.35,19.02,19.13,175500
18-Sep-20,19.2,19.35,19.2,19.31,638000
17-Sep-20,19.65,19.65,19.12,19.17,668500
16-Sep-20,19.1,19.19,19.06,19.07,75500
15-Sep-20,19.15,19.25,19.02,19.09,127500
14-Sep-20,19.5,19.5,19.05,19.13,343500
11-Sep-20,19.6,19.86,19.32,19.39,1180000
10-Sep-20,19.5,19.9,19.33,19.53,1482000
9-Sep-20,19.51,19.7,19.25,19.3,801500
8-Sep-20,19.95,19.95,19.4,19.48,976500
7-Sep-20,19.87,19.87,19.57,19.7,180500
4-Sep-20,20.01,20.01,19.8,19.89,339000
3-Sep-20,19.77,20.1,19.65,20.04,305500
2-Sep-20,19.95,20,19.65,19.77,788000
1-Sep-20,19.8,19.87,19.54,19.8,128500
31-Aug-20,19.7,19.99,19.5,19.79,428500
28-Aug-20,19.85,19.97,19.65,19.82,43500
27-Aug-20,19.85,19.85,19.57,19.64,197500
26-Aug-20,19.41,19.84,19.31,19.5,1186000
25-Aug-20,19.48,19.89,19.4,19.7,233500
24-Aug-20,19.45,19.45,19.05,19.4,146500
21-Aug-20,19.41,19.5,19,19.05,671000
20-Aug-20,19.51,19.8,19.5,19.52,271500
19-Aug-20,20.11,20.25,19.53,19.65,3703000
18-Aug-20,20.7,21,20.21,20.22,485500
17-Aug-20,20.75,21.14,20.33,20.7,2785500
13-Aug-20,18.5,19.67,18.24,19.67,6582500
12-Aug-20,17.9,18.85,17.9,18.3,1840000
11-Aug-20,17.99,18.1,17.81,17.9,3308000
10-Aug-20,17.99,18.15,17.76,17.96,2651000
7-Aug-20,17.72,18,17.71,17.99,1609500
6-Aug-20,18.25,18.3,17.8,17.85,1747500
5-Aug-20,18.05,18.5,18.02,18.17,1542000
4-Aug-20,17.55,18.6,17.36,18.02,5159500
3-Aug-20,16.79,17.7,16.75,17.48,2855000
30-Jul-20,16.5,16.75,16.26,16.67,1343500
29-Jul-20,16.45,16.7,16.25,16.37,1593500
28-Jul-20,16.15,16.51,16,16.46,2597000
27-Jul-20,15.6,16.1,15.6,16,563500
24-Jul-20,15.19,15.8,15.19,15.75,192000
23-Jul-20,15.75,15.8,15.5,15.5,92000
22-Jul-20,15.21,15.95,15.21,15.78,379500
21-Jul-20,15.5,15.74,15.35,15.45,177000
20-Jul-20,15.5,15.75,15.4,15.69,197000
17-Jul-20,15.3,15.65,15.25,15.58,282500
16-Jul-20,15.21,15.4,15.01,15.3,215500
15-Jul-20,15.37,15.4,15.25,15.29,138500
14-Jul-20,15.45,15.65,15.4,15.5,345000
13-Jul-20,15.35,15.65,15.35,15.65,1139000
10-Jul-20,15.48,15.84,15.3,15.38,736500
9-Jul-20,14.2,15.22,14.2,15.22,2759000
8-Jul-20,14.05,14.2,14,14.16,187500
7-Jul-20,13.98,14.12,13.91,14.1,207000
6-Jul-20,13.97,13.97,13.8,13.92,304500
3-Jul-20,13.62,13.85,13.62,13.68,28500
2-Jul-20,13.84,13.84,13.75,13.78,90500
1-Jul-20,13.7,13.89,13.7,13.84,181500
30-Jun-20,13.52,13.9,13.41,13.71,554500
29-Jun-20,13.32,13.7,13.32,13.69,156000
26-Jun-20,13.52,13.55,13.3,13.37,1175500
25-Jun-20,13.51,13.6,13.5,13.51,190500
24-Jun-20,13.5,13.89,13.5,13.62,608500
23-Jun-20,13.73,13.73,13.53,13.7,418000
22-Jun-20,13.5,13.61,13.26,13.49,174500
19-Jun-20,13.32,13.4,13.3,13.35,133000
18-Jun-20,13.61,13.65,13.3,13.39,5340500
17-Jun-20,13.77,13.9,13.56,13.7,342000
16-Jun-20,13.35,13.6,13.35,13.52,252500
15-Jun-20,13.61,13.7,13.47,13.55,266000
12-Jun-20,14,14,13.65,13.68,736500
11-Jun-20,14.3,14.3,14.03,14.13,210000
10-Jun-20,13.85,14.2,13.76,14.16,1177000
9-Jun-20,13.8,13.8,13.7,13.75,432000
8-Jun-20,13.97,13.97,13.7,13.74,323000
5-Jun-20,13.91,13.98,13.66,13.74,259500
4-Jun-20,14,14,13.75,13.77,201500
3-Jun-20,14.15,14.25,14,14,225000
2-Jun-20,13.96,14.35,13.96,14.18,879500
1-Jun-20,13.86,14.12,13.84,14.06,190500
29-May-20,14.02,14.12,14.01,14.02,100500
28-May-20,13.8,14.02,13.8,13.99,311500
21-May-20,13.84,13.9,13.76,13.83,54000
20-May-20,13.96,13.96,13.55,13.68,180000
19-May-20,14.01,14.01,13.5,13.86,317000
18-May-20,14,14.09,13.94,14,47500
15-May-20,14.15,14.15,13.96,14.02,1250500
14-May-20,14.09,14.2,14.01,14.08,54500
13-May-20,14.15,14.15,14.02,14.14,51000
12-May-20,14.01,14.25,14,14.04,332500
11-May-20,14.15,14.15,14,14.14,29000
8-May-20,14.15,14.15,14,14.05,43500
7-May-20,14.05,14.29,13.99,14,133500
6-May-20,14.16,14.16,14.01,14.05,74000
5-May-20,14.18,14.19,14.02,14.08,98500
4-May-20,14.1,14.25,14,14.02,257500
30-Apr-20,13.92,14.19,13.81,14.14,198500
29-Apr-20,14,14.05,13.94,13.96,197000
28-Apr-20,14.1,14.25,14,14.01,768000
27-Apr-20,14.13,14.2,14,14.09,106500
24-Apr-20,14.22,14.25,14.1,14.22,2555000
23-Apr-20,14.39,14.39,13.81,14.13,241500
22-Apr-20,14,14.28,13.86,14.16,111500
21-Apr-20,14.01,14.18,13.95,14.01,409500
20-Apr-20,14.5,14.59,14.11,14.22,2835000
17-Apr-20,14,14.6,14,14.39,3219500
16-Apr-20,14.21,14.21,14,14.14,67000
15-Apr-20,14,14.29,14,14.02,94500
14-Apr-20,14.11,14.25,13.97,14,916500
13-Apr-20,14.75,15.09,14.01,14.05,590500
10-Apr-20,14.5,15.19,14.5,15.14,100500
9-Apr-20,14.35,14.99,14.35,14.67,152500
8-Apr-20,14.12,14.53,14.11,14.4,149000
7-Apr-20,13.98,14.47,13.98,14.32,73000
6-Apr-20,14.2,14.3,13.8,13.99,195000
3-Apr-20,14.3,14.5,14.1,14.43,151500
2-Apr-20,13.85,14.49,13.69,14.25,399000
1-Apr-20,14,14.01,13.51,13.69,138000
31-Mar-20,13.35,14.1,13.35,14.01,140500
30-Mar-20,13.5,13.8,13.01,13.52,138500
27-Mar-20,13.6,13.9,13,13.83,52000
26-Mar-20,13.2,13.7,13.2,13.48,390500
25-Mar-20,13.5,14.49,13,13.06,61000
24-Mar-20,14.06,14.59,13.59,13.59,104000
20-Mar-20,14.94,15.05,14.45,14.69,402000
19-Mar-20,13.61,14.4,13.43,14.1,440500
18-Mar-20,15.97,15.97,14.48,14.51,477500
17-Mar-20,17.25,17.7,17.1,17.15,541500
16-Mar-20,17.05,17.56,17.05,17.3,844000
13-Mar-20,17.15,17.8,17.11,17.78,225000
12-Mar-20,17.62,17.97,17.4,17.68,174500
11-Mar-20,18.35,18.49,17.9,17.9,1477000
10-Mar-20,17.99,18.23,17.9,18.11,1093500
9-Mar-20,18,18,17.36,17.89,2764000
6-Mar-20,18.63,18.73,18.6,18.66,333500
5-Mar-20,19.08,19.08,18.7,18.76,340000
4-Mar-20,18.76,18.85,18.6,18.78,296500
3-Mar-20,19.34,19.34,18.75,18.8,619500
2-Mar-20,19,19.49,18.9,19.02,1070500
28-Feb-20,19.19,19.19,18.72,18.82,779500
27-Feb-20,18.9,19.35,18.55,19,1730000
26-Feb-20,19.35,19.35,18.7,19.12,615500
25-Feb-20,18.96,19.24,18.95,19.05,273000
24-Feb-20,19.56,19.73,19.04,19.22,660000
21-Feb-20,19.8,19.8,19.53,19.68,203500
20-Feb-20,19.75,20,19.71,19.74,302500
19-Feb-20,20,20.14,19.7,19.73,1504000
18-Feb-20,19.86,20.1,19.65,19.81,485000
17-Feb-20,20.4,20.4,19.95,20.02,373500
14-Feb-20,20.65,20.65,20.01,20.09,1275500
13-Feb-20,20,21.01,19.99,20.55,5466500
12-Feb-20,19.9,20.06,19.7,19.83,763500
11-Feb-20,19.86,19.98,19.7,19.86,223000
10-Feb-20,20.16,20.16,19.56,19.75,331500
7-Feb-20,20.12,20.48,19.8,20.28,6488000
6-Feb-20,20.35,20.8,20.12,20.23,2082500
4-Feb-20,20.21,20.35,19.95,20.24,363000
3-Feb-20,20.2,20.29,19.9,20.02,641500
31-Jan-20,20.64,20.65,20.35,20.41,703000
30-Jan-20,20.55,20.62,20.45,20.59,95000
29-Jan-20,20.65,20.7,20.35,20.43,540500
28-Jan-20,20.99,21,20.4,20.5,227000
27-Jan-20,20.68,20.85,20.54,20.72,97500
24-Jan-20,20.5,21,20.4,20.61,639000
23-Jan-20,20.75,21,20.5,20.51,672500
22-Jan-20,20.7,21.07,20.31,20.56,1042000
21-Jan-20,20.4,21,20.4,20.82,591500
20-Jan-20,20.85,21.14,20.7,20.77,489500
17-Jan-20,21.25,21.45,20.71,21.12,2261000
16-Jan-20,20.99,21.75,20.99,21.18,2965000
15-Jan-20,20.45,21.09,20.3,20.97,4751000
14-Jan-20,20.99,21.55,20.49,20.56,2844000
13-Jan-20,19.89,20.91,19.89,20.91,10952000
10-Jan-20,19.05,19.91,18.99,19.91,5493500
9-Jan-20,18.86,19,18.62,18.91,722500
8-Jan-20,18.52,18.89,18.38,18.49,351500
7-Jan-20,18.89,18.89,18.56,18.69,254500
6-Jan-20,18.9,18.9,18.42,18.63,321500
3-Jan-20,19.05,19.23,18.85,18.93,438500
2-Jan-20,18.99,19.15,18.86,19,844500
1-Jan-20,18.79,18.85,18.65,18.75,232000
31-Dec-19,18.6,18.8,18.5,18.54,321000
30-Dec-19,18.8,18.89,18.6,18.68,179500
27-Dec-19,18.85,19.74,18.52,18.62,438500
26-Dec-19,18.7,18.94,18.5,18.78,336000
24-Dec-19,18.85,18.86,18.5,18.66,559000
23-Dec-19,18.9,18.9,18.55,18.58,84000
20-Dec-19,19.05,19.1,18.86,18.92,152000
19-Dec-19,19.48,19.48,18.7,18.84,431500
18-Dec-19,19.09,19.48,19,19.27,6178500
17-Dec-19,19.25,19.25,18.82,19.09,2703500
16-Dec-19,19.09,19.29,19.01,19.06,782000
13-Dec-19,18.61,19.05,18.61,19,3998500
12-Dec-19,19,19,18.5,18.69,523500
11-Dec-19,19,19.1,18.86,18.88,1339000
10-Dec-19,19.05,19.18,18.9,19.09,1516500
9-Dec-19,19.39,19.5,19,19.1,771500
6-Dec-19,19.18,19.4,19.12,19.24,849500
5-Dec-19,19,19.3,19,19.2,929000
4-Dec-19,19.09,19.1,18.8,18.95,254500
3-Dec-19,19.45,19.5,18.81,18.85,1382500
2-Dec-19,18.32,19.3,18.3,19.27,2232500
29-Nov-19,18.2,18.49,18.03,18.3,582500
28-Nov-19,18.02,18.4,18,18.05,942000
27-Nov-19,17.9,18.15,17.9,18,229500
26-Nov-19,18.05,18.35,17.8,17.82,635000
25-Nov-19,17.95,18.25,17.91,18.23,293500
22-Nov-19,17.98,18,17.8,18,563000
21-Nov-19,18.59,18.59,17.75,17.81,486500
20-Nov-19,18.41,18.51,18.25,18.27,469500
19-Nov-19,18.9,18.9,18.4,18.49,629500
18-Nov-19,17.96,18.8,17.87,18.78,3434500
15-Nov-19,17.78,17.88,17.54,17.8,621500
14-Nov-19,17.64,17.88,17.64,17.77,1114500
13-Nov-19,17.6,17.75,17.6,17.74,323500
12-Nov-19,18.05,18.25,17.5,17.59,1605500
11-Nov-19,18.45,18.45,17.9,17.97,1469500
8-Nov-19,18.01,18.01,17.91,17.94,276500
7-Nov-19,18,18.1,17.92,18,119500
6-Nov-19,18.2,18.2,18,18.05,157000
5-Nov-19,18.1,18.25,17.91,18.17,304500
4-Nov-19,18.2,18.2,17.95,18.1,385500
1-Nov-19,17.65,18,17.65,18,314000
31-Oct-19,18,18,17.75,17.95,189500
30-Oct-19,17.8,18,17.68,18,19000
29-Oct-19,17.99,18,17.8,17.94,164500
28-Oct-19,18,18,17.76,17.99,119500
25-Oct-19,17.9,17.9,17.8,17.84,55500
24-Oct-19,17.7,18,17.7,17.86,119000
23-Oct-19,17.7,17.96,17.65,17.66,46000
22-Oct-19,17.5,17.75,17.25,17.58,154000
21-Oct-19,17.25,17.34,17.06,17.23,127500
18-Oct-19,17.55,17.82,17.25,17.41,246500
17-Oct-19,18.15,18.15,17.55,17.61,277500
16-Oct-19,17.5,17.84,17.5,17.71,2098000
15-Oct-19,17.76,17.76,17.4,17.44,372000
14-Oct-19,18.5,18.5,17.53,17.71,1224000
11-Oct-19,18.99,18.99,18.49,18.53,935000
10-Oct-19,18.7,19.05,18.6,18.84,1732500
9-Oct-19,18.25,18.77,18.15,18.65,943500
8-Oct-19,18.4,19,18.03,18.54,1136500
7-Oct-19,17.8,18.5,17.8,18.31,1318000
4-Oct-19,17.42,17.94,17.42,17.74,834500
3-Oct-19,17.92,18.1,17.7,17.76,436500
2-Oct-19,17.8,18,17.78,17.81,81500
1-Oct-19,17.6,17.84,17.53,17.77,29500
30-Sep-19,17.9,17.9,17.54,17.59,58000
27-Sep-19,17.25,17.99,17.25,17.9,31500
26-Sep-19,17.78,17.9,17.6,17.71,59000
25-Sep-19,17.76,18,17.61,17.97,11500
24-Sep-19,18,18.38,18,18.2,11000
23-Sep-19,18.2,18.32,17.98,18.21,15000
20-Sep-19,18.5,18.67,18.04,18.21,10000
19-Sep-19,18.21,18.6,18.21,18.31,17500
18-Sep-19,18.25,18.5,18.21,18.43,10500
17-Sep-19,18.6,18.8,18.58,18.65,24000
16-Sep-19,18.5,18.75,18.5,18.73,46500
13-Sep-19,18.16,19.45,18,18.73,118500
12-Sep-19,18.5,18.79,18.25,18.49,36000
11-Sep-19,18.1,18.7,18.05,18.46,52500
6-Sep-19,18,18.35,18,18.12,3000
5-Sep-19,18.4,18.4,18,18,2000
4-Sep-19,17.75,18.2,17.5,18.11,21000
3-Sep-19,17.06,18.24,17.06,17.73,166000
2-Sep-19,17.55,18,17.5,17.54,268000
30-Aug-19,17.5,17.8,17.22,17.77,8000
29-Aug-19,17.75,18.05,17.7,17.99,43500
28-Aug-19,17.2,18.5,17.2,18.25,338500
27-Aug-19,16.7,17.88,16.7,17.58,158000
26-Aug-19,17,17.09,16.8,16.95,376500
23-Aug-19,17.2,17.49,16.7,17.03,577500
22-Aug-19,17.2,17.66,16.8,17.11,1231000
21-Aug-19,16.16,16.8,16.16,16.67,147500
20-Aug-19,16.06,17.49,16.06,16.6,125000
19-Aug-19,15.75,16.81,15.53,16.66,227500
16-Aug-19,16.05,16.2,15.6,15.81,57500
9-Aug-19,17,17,16.5,16.54,211500
8-Aug-19,16.7,17.35,16.7,16.91,186500
7-Aug-19,17.7,17.78,17.35,17.7,34500
6-Aug-19,18,18.03,17.8,17.93,33000
5-Aug-19,17.85,18.44,17.85,18.06,22500
2-Aug-19,18.12,18.48,18,18.19,48000
1-Aug-19,18.78,18.79,18.25,18.28,72000
31-Jul-19,18.53,18.87,18.51,18.8,91500
30-Jul-19,18.98,18.98,18.4,18.9,81000
29-Jul-19,18.75,19,18.5,18.88,45500
26-Jul-19,18.95,19.2,18.78,19.03,78500
25-Jul-19,18.9,18.9,18.5,18.88,44500
24-Jul-19,18.5,18.89,18.25,18.84,70000
23-Jul-19,18.85,19,18.5,18.78,128500
22-Jul-19,18.9,18.99,18.4,18.87,80500
19-Jul-19,18.8,18.89,18.5,18.82,23000
18-Jul-19,18.75,18.98,18.5,18.84,34000
17-Jul-19,19,19.18,18.86,19.18,7000
16-Jul-19,18.9,19.2,18.82,19.2,50500
15-Jul-19,18.75,19.25,18.62,19.03,209000
12-Jul-19,19.49,19.49,19,19,35500
11-Jul-19,19.25,19.33,18.7,18.95,50000
10-Jul-19,19.1,19.29,19,19.29,136000
9-Jul-19,19.49,19.49,19.01,19.25,144500
8-Jul-19,19.01,19.49,19.01,19.33,11500
5-Jul-19,19.32,19.85,18.85,19.4,28000
4-Jul-19,19.8,19.89,19.1,19.32,20500
3-Jul-19,19.25,19.59,19.25,19.51,43500
2-Jul-19,19.15,19.25,18.8,19.06,46000
1-Jul-19,19.4,19.4,19,19.23,29000
28-Jun-19,18.85,19.1,18.8,18.91,55000
27-Jun-19,18.7,19,18.5,18.85,43000
26-Jun-19,18.96,19.15,18.5,18.97,98500
25-Jun-19,19.89,19.89,18.75,18.96,44000
24-Jun-19,19.35,19.45,19,19.42,39500
21-Jun-19,19.07,19.58,19.07,19.47,1500
20-Jun-19,19.2,19.45,19.15,19.31,28000
19-Jun-19,19.49,19.5,19.05,19.28,8000
18-Jun-19,20,20,19.21,19.21,225500
17-Jun-19,20.2,20.4,19.7,20.22,82000
14-Jun-19,20.49,20.87,20.01,20.43,66000
13-Jun-19,20.75,21,20.25,20.42,63500
12-Jun-19,20.81,21.27,20.4,20.79,29000
11-Jun-19,20.85,20.95,20.6,20.86,39000
10-Jun-19,21.4,21.95,20.77,21.05,43500
3-Jun-19,22.4,22.4,21.37,21.44,112500
30-May-19,22.9,23,22.3,22.49,417500
29-May-19,22.25,23.24,22.25,22.85,1021000
28-May-19,22.1,22.49,21.61,22.27,156500
27-May-19,21.97,22.5,21.52,22.45,114500
24-May-19,21,22.25,21,21.97,318000
23-May-19,20.5,21.27,20.5,21.25,564500
22-May-19,19.49,20.32,19.49,20.26,170000
21-May-19,19.31,19.75,19,19.32,803000
20-May-19,19.2,19.9,19,19.72,65500
17-May-19,19.41,19.99,19.01,19.53,139500
16-May-19,19.6,19.93,19.6,19.87,60000
15-May-19,19.56,20.5,19.56,20.05,229500
14-May-19,19.3,20,19.3,19.74,68500
13-May-19,20.03,20.03,19.6,19.75,68500
10-May-19,20.25,20.25,20,20,32000
9-May-19,20.4,20.89,20.1,20.2,136000
8-May-19,20,20.6,19.85,19.89,142000
7-May-19,20.1,20.19,20,20.06,11000
6-May-19,20.45,20.45,19.8,19.91,55000
3-May-19,20.44,21,20,20.47,754500
2-May-19,20.48,20.5,19.75,20.29,11500
30-Apr-19,20.75,20.75,19.9,20,40000
29-Apr-19,20.54,21,20.5,20.5,122000
26-Apr-19,20.51,20.9,20.51,20.88,18000
25-Apr-19,21,21.25,20.75,20.77,595000
24-Apr-19,19.76,20.75,19.76,20.61,523500
23-Apr-19,19.6,19.9,19.5,19.88,154000
22-Apr-19,19.53,20,19.53,19.83,1005000
19-Apr-19,19,20.14,19,19.81,2423500
18-Apr-19,19.3,19.67,18.96,19.14,210500
17-Apr-19,20.3,20.3,19.36,19.36,1608000
16-Apr-19,20.18,20.45,20.18,20.37,111000
15-Apr-19,20.35,20.55,20.15,20.35,367000
12-Apr-19,19.45,20.25,19.3,20.2,183500
11-Apr-19,19,19.35,19,19.32,122000
10-Apr-19,19.75,19.78,18.8,19.19,68000
9-Apr-19,19.01,19.5,19,19.33,84000
8-Apr-19,19.3,19.42,18.95,19.05,237000
5-Apr-19,19.3,19.7,19.25,19.65,64500
4-Apr-19,19.7,20,19.55,19.58,89000
3-Apr-19,19.75,20.23,19.7,20.02,29500
2-Apr-19,19.85,20,19.83,19.86,12000
1-Apr-19,20,20.35,20,20.35,1000
29-Mar-19,20.06,20.5,20.06,20.45,165000
28-Mar-19,20.45,20.45,20.26,20.28,33000
27-Mar-19,20.14,21,20,20.85,329500
26-Mar-19,19.75,20.25,19.75,20.04,53500
25-Mar-19,19.81,20.19,19.75,19.8,18500
22-Mar-19,19.58,20.49,19.57,20.36,148500
21-Mar-19,19.5,20.7,19,20.24,1473000
20-Mar-19,19.9,19.9,19.6,19.85,33000
19-Mar-19,20.1,20.1,19.36,19.51,413000
18-Mar-19,20.3,20.4,19.36,20.37,241000
15-Mar-19,20.88,20.88,19.34,19.57,142000
14-Mar-19,21.25,21.35,21,21.28,270000
13-Mar-19,21.43,21.43,20.9,21,400000
12-Mar-19,21.1,21.4,21,21.07,139000
11-Mar-19,21.2,21.48,21.01,21.09,891000
8-Mar-19,21.9,21.99,21.01,21.1,348000
7-Mar-19,22,22,21.42,21.58,132500
6-Mar-19,22,22,21.75,21.77,139000
5-Mar-19,22.1,22.1,22,22,648000
4-Mar-19,22,22.5,21.75,22.08,808500
1-Mar-19,21.65,22.24,21.46,22.02,123000
28-Feb-19,21.21,21.87,21.21,21.42,272000
27-Feb-19,20.61,21.75,20.61,21.28,264000
26-Feb-19,21.7,22.1,21.4,21.56,257000
25-Feb-19,22.5,22.5,21.8,21.91,167500
22-Feb-19,22.46,22.81,22.2,22.47,417500
21-Feb-19,23.7,23.7,22.51,22.96,706500
20-Feb-19,22.75,23.24,22.39,22.78,337500
19-Feb-19,22.8,23.25,22.8,23,32000
18-Feb-19,22.9,23.5,22.7,22.73,82000
15-Feb-19,23.88,23.88,22.7,23.06,146000
14-Feb-19,23.02,23.39,23,23.03,100000
13-Feb-19,23.65,23.7,23.05,23.2,180000
12-Feb-19,23.5,23.55,23.21,23.32,41500
11-Feb-19,23.72,23.85,23.4,23.47,132500
8-Feb-19,23.99,24.19,23.7,23.77,383500
7-Feb-19,24.25,24.25,24,24.17,1040500
6-Feb-19,24.2,24.3,24,24.25,72500
4-Feb-19,24.1,24.46,24.05,24.3,179500
1-Feb-19,23.87,24.2,23.67,24.03,1090000
31-Jan-19,23.67,23.9,23.62,23.69,89500
30-Jan-19,23.97,24,23.72,23.81,70500
29-Jan-19,23.65,23.94,23.61,23.75,236000
28-Jan-19,23.58,23.75,23.5,23.62,94000
25-Jan-19,23.4,23.9,23.32,23.42,207000
24-Jan-19,24,24,23.55,23.57,114500
23-Jan-19,24,24,23.75,23.92,611500
22-Jan-19,23.5,23.96,23.5,23.87,46000
21-Jan-19,23.84,23.84,23.51,23.55,50000
18-Jan-19,23.41,23.78,23.41,23.73,121500
17-Jan-19,23.35,23.72,23.35,23.61,66500
16-Jan-19,23.7,23.7,23.3,23.41,190500
15-Jan-19,23.9,23.9,23.3,23.46,201500
14-Jan-19,23.99,24,23.9,23.9,108000
11-Jan-19,23.51,23.87,23.51,23.68,29000
10-Jan-19,23.85,23.9,23.71,23.85,7500
9-Jan-19,24.2,24.21,23.7,23.88,29000
8-Jan-19,24,24,23.82,24,500000
7-Jan-19,23.5,24,23.5,23.92,150500
4-Jan-19,23.5,23.85,23.43,23.49,101500
3-Jan-19,23.76,23.98,23.5,23.75,20500
2-Jan-19,23.99,24.19,23.6,23.85,1299500
1-Jan-19,23.89,24,23.32,23.98,325000
31-Dec-18,23.32,23.98,23.26,23.92,37000
28-Dec-18,23.25,24.92,23.2,23.89,1365500
27-Dec-18,23.4,23.95,23.2,23.75,29000
26-Dec-18,23.26,23.74,23.01,23.41,37500
24-Dec-18,23.35,23.75,23.3,23.73,12500
21-Dec-18,23.02,24,23.02,23.88,328500
20-Dec-18,22.7,23.59,22.6,23.43,927500
19-Dec-18,22.69,22.7,22.46,22.7,68000
18-Dec-18,23.11,23.11,22.56,22.7,316500
17-Dec-18,23.5,23.5,23,23.32,90000
14-Dec-18,22.6,23.79,22.59,23.59,377500
13-Dec-18,22.45,22.99,22.25,22.78,327500
12-Dec-18,23.01,23.2,22.07,22.26,1521000
11-Dec-18,24.06,24.06,22.95,23.11,966000
10-Dec-18,25.01,25.41,23.95,24.15,1794000
7-Dec-18,24.85,25,24.15,24.93,293500
6-Dec-18,24.5,25.54,24.21,24.32,554000
5-Dec-18,25.85,25.9,24.99,25.1,86000
4-Dec-18,25.16,26.25,24.85,25.57,1617500
3-Dec-18,25.56,25.7,24.7,25,404000
30-Nov-18,25.44,25.9,24.9,25.31,345000
29-Nov-18,25.44,25.44,25.39,25.39,1000
28-Nov-18,25.4,25.5,25.16,25.19,37500
27-Nov-18,24.81,25.98,24.7,25.49,405000
26-Nov-18,25.13,25.94,24.81,25.25,89500
23-Nov-18,25.99,25.99,24.51,24.82,501500
22-Nov-18,25.36,25.5,25.25,25.27,87000
20-Nov-18,25.6,25.97,25.47,25.55,174000
19-Nov-18,25.5,25.99,25.3,25.88,115500
16-Nov-18,25.68,25.88,25.65,25.65,75500
15-Nov-18,25.5,26,25.5,25.86,273500
14-Nov-18,25.6,26.49,25.5,25.69,253000
13-Nov-18,25.8,25.99,25.03,25.74,1048000
12-Nov-18,25,25.89,25,25.36,200500
9-Nov-18,25.5,26.4,25,25.39,288000
8-Nov-18,25.5,25.5,24.95,25.15,193000
7-Nov-18,25,25.46,24.5,25.43,1260000
6-Nov-18,24.5,24.73,24.2,24.25,176000
5-Nov-18,25.4,25.4,24,24.79,497000
2-Nov-18,23.65,25.15,23.65,24.97,1682500
1-Nov-18,24,24.25,23.8,24.23,58500
31-Oct-18,23.95,24.39,23.5,23.82,225500
30-Oct-18,24.4,24.4,24,24.07,166000
29-Oct-18,24.25,24.5,24.2,24.25,244500
26-Oct-18,23.6,24.25,23.38,24.05,3520500
25-Oct-18,23.55,24.4,23.55,23.8,193000
24-Oct-18,23.7,24.05,23.5,24.05,1260500
23-Oct-18,23.25,24,22.75,22.91,1895500
22-Oct-18,23,23.35,22.86,23.23,326500
19-Oct-18,22.75,23.2,22.7,23.1,326500
18-Oct-18,22.6,22.89,22.5,22.76,339500
17-Oct-18,21.4,22.12,21.1,22.12,650500
16-Oct-18,21.6,21.9,21,21.07,777000
15-Oct-18,21.6,21.63,20.58,21.19,1735500
12-Oct-18,22.41,22.41,21.45,21.62,756000
11-Oct-18,22.6,22.76,22.41,22.51,234000
10-Oct-18,22.75,23.18,22.6,22.79,1199500
9-Oct-18,22.01,23,22.01,22.96,430500
8-Oct-18,23.15,23.15,22.01,22.01,1218500
5-Oct-18,23.51,23.59,23.05,23.16,217500
4-Oct-18,24.25,24.25,23.86,23.92,132000
3-Oct-18,24.3,24.7,24.25,24.44,26000
2-Oct-18,24.4,24.9,24.3,24.58,211000
1-Oct-18,24.51,25,24.4,24.72,3160500
28-Sep-18,24.01,24.7,24,24.53,423000
27-Sep-18,24.1,24.1,24,24,424000
26-Sep-18,24,24.3,24,24.03,109000
25-Sep-18,24.4,24.4,24,24.08,1600500
24-Sep-18,24.19,25.05,24,24.13,421500
19-Sep-18,23.9,23.94,23.62,23.86,2039000
18-Sep-18,23.7,23.9,23.4,23.54,3522500
17-Sep-18,23.75,24,23.42,23.51,586000
14-Sep-18,24,24.01,23.82,23.86,144000
13-Sep-18,23.9,24.2,23.86,24.15,188000
12-Sep-18,23.75,24,23.75,24,1245000
11-Sep-18,23.52,24,23.52,23.75,414500
10-Sep-18,23.85,24.3,23.8,24.06,151000
7-Sep-18,23.43,24.05,23.43,24.01,241000
6-Sep-18,23.85,24.2,23.85,24.12,322500
5-Sep-18,23.97,24.45,23.7,23.96,620000
4-Sep-18,23.55,23.95,23.5,23.85,77000
3-Sep-18,23.5,23.96,23.4,23.9,878000
31-Aug-18,23.55,23.85,23.49,23.69,506000
30-Aug-18,23.5,23.65,23.4,23.54,910500
29-Aug-18,23.35,23.6,23.35,23.6,177000
28-Aug-18,23.25,23.39,23.2,23.35,53000
27-Aug-18,23.25,23.45,23.15,23.36,121500
24-Aug-18,23.35,23.45,23.1,23.4,80000
20-Aug-18,23.64,23.64,23.25,23.34,3144000
17-Aug-18,23.11,23.85,23.11,23.65,1775500
16-Aug-18,22.4,23.85,22,23.43,3125500
15-Aug-18,22.94,23.15,22.6,22.72,221500
13-Aug-18,22.8,23.2,22.65,22.87,22500
10-Aug-18,22.8,23,22.66,22.85,252500
9-Aug-18,23,23,22.75,22.89,520000
8-Aug-18,23.25,23.25,22.9,23.04,145000
7-Aug-18,23.1,23.1,22.81,22.88,137500
6-Aug-18,22.97,23.25,22.97,23.09,189000
3-Aug-18,23.06,23.49,23,23.08,172000
2-Aug-18,23.26,23.5,22.8,23.2,670500
1-Aug-18,23.6,23.7,23.21,23.44,388000
31-Jul-18,23.51,23.85,23.31,23.45,257000
30-Jul-18,24.1,24.5,23.55,23.69,1674000
27-Jul-18,24,24.49,23.85,24.09,1391000
26-Jul-18,23.16,24.25,23.16,24.06,1538000
24-Jul-18,22.9,23.93,22.9,23.82,2041500
23-Jul-18,23.85,23.85,22.8,22.91,1783500
20-Jul-18,23.65,23.9,23.5,23.68,2462500
19-Jul-18,23.25,23.88,23.07,23.74,4249000
18-Jul-18,22.3,22.98,22.03,22.83,2070500
17-Jul-18,22.3,22.3,21.75,22.15,538500
16-Jul-18,22.89,22.89,21.8,22.13,277500
13-Jul-18,21.98,22.8,21.7,22.55,3183500
12-Jul-18,20.56,21.74,20.55,21.74,1031500
11-Jul-18,21,21,20.5,20.71,433500
10-Jul-18,20.75,20.99,20.56,20.82,258000
9-Jul-18,21.25,21.47,20.6,20.78,143500
6-Jul-18,21.89,21.89,21,21.42,51500
5-Jul-18,22.38,22.38,21.26,21.32,95500
4-Jul-18,22,22,21.5,21.55,325500
3-Jul-18,21.9,22.35,21.9,22.1,69500
2-Jul-18,21.89,22.01,21.89,22.01,5000
29-Jun-18,22.1,22.2,21.8,21.87,906500
28-Jun-18,22.21,22.38,22.15,22.18,1088500
27-Jun-18,22.11,22.5,22.11,22.22,1172000
26-Jun-18,22.02,22.75,22,22.49,4504000
25-Jun-18,23,23.2,22.02,22.53,233000
22-Jun-18,23.1,23.47,22.73,22.86,82000
21-Jun-18,23,23.15,22.8,22.8,303000
20-Jun-18,23.24,23.5,22.99,23.05,1168000
19-Jun-18,23.15,23.5,23.11,23.26,100000
14-Jun-18,23,23.85,22.8,23.6,389500
13-Jun-18,23,23.3,23,23.15,83000
12-Jun-18,23.02,23.6,23,23,475500
11-Jun-18,23.4,23.63,23.4,23.51,106500
7-Jun-18,23.5,23.75,23.27,23.45,864500
6-Jun-18,22.01,23.64,22,23.54,3418000
5-Jun-18,22.2,22.69,22.07,22.52,349500
4-Jun-18,22,22.22,22,22.19,151500
1-Jun-18,21.81,22.2,21.81,22.06,23000
31-May-18,22.1,22.2,21.98,22.07,303500
30-May-18,22.1,22.35,21.95,22.02,1021500
29-May-18,22.48,22.48,21.85,22.07,412500
28-May-18,22.5,22.61,21.8,21.87,1314000
25-May-18,22,22.47,21.9,22.11,122500
24-May-18,22.49,22.7,22.02,22.23,190000
23-May-18,22.45,22.5,22.26,22.33,270000
22-May-18,21.6,22.44,21.6,22.08,320000
21-May-18,20.53,21.88,20.53,21.59,77500
18-May-18,21.7,21.7,21.01,21.23,123500
17-May-18,21.89,21.9,21.7,21.7,38000
16-May-18,22,22.1,21.82,21.92,25500
15-May-18,21.81,22,21.46,21.77,70000
14-May-18,22.8,22.8,21.66,21.67,2478000
11-May-18,22.88,22.9,22.6,22.8,286500
10-May-18,22.6,22.89,22.6,22.7,361000
9-May-18,22.4,22.5,22.34,22.5,108500
8-May-18,22.35,22.64,22.25,22.43,484000
7-May-18,22.26,22.8,22.26,22.6,269000
4-May-18,22.51,22.87,22.5,22.54,1040000
3-May-18,22.96,22.96,22.5,22.61,459000
2-May-18,23,23.01,22.8,22.87,76500
30-Apr-18,23.98,24.25,22.61,23.03,2437000
27-Apr-18,23.95,23.97,23.56,23.63,445000
26-Apr-18,23.5,23.95,23.5,23.7,3330500
25-Apr-18,23.71,23.8,23.45,23.55,218500
24-Apr-18,23.75,23.81,23.36,23.68,1326500
23-Apr-18,23.25,23.8,22.75,23.49,1209500
20-Apr-18,23.7,23.89,23.25,23.34,310500
19-Apr-18,23.06,23.98,23.04,23.59,1461500
18-Apr-18,23.4,23.45,23,23.19,900500
17-Apr-18,23.65,23.79,23.25,23.32,419500
16-Apr-18,23.68,23.7,23.45,23.58,1273000
13-Apr-18,23.25,23.65,23,23.44,2500500
12-Apr-18,23.03,23.35,23,23.16,4279500
11-Apr-18,22.85,23.35,22.7,23.03,5984000
10-Apr-18,22.3,22.75,22.26,22.61,522000
9-Apr-18,22.98,23.2,22.5,22.62,1109000
6-Apr-18,23.2,23.31,22.7,22.76,1898500
5-Apr-18,22.19,23.14,22.19,22.84,4204000
4-Apr-18,22,22.75,21.86,22.65,2711500
3-Apr-18,21.85,22.15,21.6,22,657500
2-Apr-18,22.51,22.51,21.78,21.89,2035500
30-Mar-18,23.11,23.18,22.85,22.92,805000
29-Mar-18,22.4,23,22.4,22.97,3400500
28-Mar-18,21.8,22.5,21.8,22.39,2266500
27-Mar-18,22,22,21.76,21.84,1133000
26-Mar-18,21.4,22,21.11,21.94,928000
22-Mar-18,21.9,21.92,21.41,21.72,829500
21-Mar-18,21.6,22.25,21.26,21.77,1990000
20-Mar-18,20.31,21.39,20.31,21.39,1773500
19-Mar-18,19.83,20.44,19.83,20.38,297000
16-Mar-18,19.76,20.2,19.75,20.11,421500
15-Mar-18,19.6,19.9,19.6,19.75,264000
14-Mar-18,19.63,19.9,19.63,19.76,699500
13-Mar-18,19.93,19.95,19.7,19.8,272500
12-Mar-18,19.51,19.85,19.5,19.75,410000
9-Mar-18,19.7,19.86,19.52,19.75,162500
8-Mar-18,20.1,20.1,19.55,19.75,364500
7-Mar-18,20,20.17,19.85,19.92,64000
6-Mar-18,20.29,20.29,20,20.01,506000
5-Mar-18,20.3,20.35,20,20.03,1058000
2-Mar-18,20.4,20.41,20.02,20.14,603500
1-Mar-18,20.06,20.55,20,20.24,3286500
28-Feb-18,20.45,20.5,20.11,20.23,929000
27-Feb-18,20.1,20.55,20,20.4,279000
26-Feb-18,21.16,21.45,20.04,20.22,2911500
23-Feb-18,21.6,21.7,20.62,21.09,958500
22-Feb-18,21.6,21.85,21.31,21.6,419000
21-Feb-18,21.9,22,21.5,21.88,808500
20-Feb-18,21.79,21.85,21.3,21.73,296500
19-Feb-18,21.9,22.05,21.6,21.84,732500
16-Feb-18,20.7,21.71,20.7,21.63,1452000
15-Feb-18,20.7,20.9,20.42,20.68,958000
14-Feb-18,21.2,21.24,20.4,20.58,1030500
13-Feb-18,20.95,21.55,20.95,21.19,584500
12-Feb-18,21.89,21.89,21.04,21.2,285500
9-Feb-18,21.74,21.74,21.29,21.4,346500
8-Feb-18,22.07,22.07,21.51,21.54,221000
7-Feb-18,22.24,22.49,21.72,21.78,405000
6-Feb-18,21.91,22,21.35,21.95,430500
2-Feb-18,22.05,22.56,21.9,21.99,1054000
1-Feb-18,21.85,22.4,21.7,22.04,1544500
31-Jan-18,21.4,22,21.4,21.63,600500
30-Jan-18,21.99,22.24,21.74,21.8,989000
29-Jan-18,21,21.8,21,21.78,2490500
26-Jan-18,20.9,21,20.6,20.77,578500
25-Jan-18,21.23,21.34,20.75,20.9,1809000
24-Jan-18,21.3,21.48,21.11,21.23,391500
23-Jan-18,21.1,21.42,21,21.35,417500
22-Jan-18,20.89,21.4,20.51,21.34,709500
19-Jan-18,20.5,20.73,20.45,20.67,106500
18-Jan-18,20.6,20.84,20.38,20.54,352000
17-Jan-18,20.6,20.65,20.26,20.31,281000
16-Jan-18,20.35,20.85,20,20.06,228000
15-Jan-18,20.5,20.5,20.23,20.25,255500
12-Jan-18,20.51,21,20.51,20.71,478000
11-Jan-18,21.09,21.24,20.6,20.69,479500
10-Jan-18,20.85,21.3,20.74,21.11,609000
9-Jan-18,21.1,21.1,20.5,20.68,390000
8-Jan-18,21.46,21.52,21.2,21.28,510000
5-Jan-18,21.4,21.7,21.31,21.46,387500
4-Jan-18,21.48,21.7,21.05,21.42,1784500
3-Jan-18,21.05,21.5,20.9,21.42,2063500
2-Jan-18,20.06,20.97,19.95,20.96,1552500
1-Jan-18,19.2,20.19,19.2,19.97,849500
29-Dec-17,19.14,19.35,19.05,19.31,307500
28-Dec-17,19.05,19.2,18.8,19.11,303000
27-Dec-17,19.07,19.07,18.71,18.88,421000
26-Dec-17,18.85,18.95,18.65,18.8,148000
22-Dec-17,18.21,18.95,18.21,18.89,493000
21-Dec-17,18.1,18.51,18.1,18.46,425000
20-Dec-17,18.05,18.05,17.95,18,263500
19-Dec-17,18.1,18.2,17.95,18.05,786500
18-Dec-17,18.02,18.45,18.02,18.36,458000
15-Dec-17,17.91,18.4,17.9,18.28,225000
14-Dec-17,18.25,18.25,17.95,18.03,430000
13-Dec-17,18.1,18.38,18.03,18.22,354500
12-Dec-17,18.01,18.47,17.75,18,858000
11-Dec-17,18.5,18.5,17.77,17.94,683000
8-Dec-17,18.49,18.65,18.1,18.27,444500
7-Dec-17,18.54,18.67,18.3,18.34,215000
6-Dec-17,18.8,19,18.62,18.73,150500
5-Dec-17,18.61,18.99,18.51,18.8,61000
4-Dec-17,18.5,19,18.5,18.78,196000
30-Nov-17,18.3,18.59,18.25,18.52,457000
29-Nov-17,18.3,18.41,18.2,18.27,256000
28-Nov-17,18.3,18.44,18.3,18.31,38500
27-Nov-17,18.2,18.4,18.2,18.37,74000
24-Nov-17,18.43,18.43,18.24,18.27,102000
23-Nov-17,18.41,18.45,18.22,18.3,105000
22-Nov-17,18.42,18.59,18.25,18.41,129000
21-Nov-17,18.42,18.65,18.35,18.5,303000
20-Nov-17,18.6,18.75,18.4,18.44,254500
17-Nov-17,18.74,18.74,18.55,18.56,313500
16-Nov-17,18.63,18.7,18.62,18.62,133000
15-Nov-17,18.6,18.69,18.51,18.6,256500
14-Nov-17,18.55,18.7,18.55,18.65,11000
13-Nov-17,18.75,18.75,18.52,18.62,32500
10-Nov-17,18.7,18.79,18.6,18.65,56000
9-Nov-17,18.73,18.79,18.53,18.6,498000
8-Nov-17,18.55,18.63,18.41,18.52,70000
7-Nov-17,18.73,18.73,18.45,18.53,198500
6-Nov-17,18.6,18.8,18.5,18.55,215000
3-Nov-17,19.24,19.24,18.55,18.73,459500
2-Nov-17,19.77,19.95,19.7,19.77,1282000
1-Nov-17,19.35,19.78,19.25,19.6,1030000
31-Oct-17,19.5,19.6,19.15,19.24,313500
30-Oct-17,19.89,19.89,19.4,19.43,527000
27-Oct-17,19.62,19.75,19.49,19.62,525000
26-Oct-17,19.9,19.99,19.6,19.66,747500
25-Oct-17,19.98,20.2,19.85,19.91,759000
24-Oct-17,19.76,19.95,19.76,19.82,201000
23-Oct-17,19.89,20,19.76,19.88,598000
20-Oct-17,19.75,19.9,19.55,19.76,601500
19-Oct-17,19.7,19.75,19.46,19.69,190500
18-Oct-17,19.4,19.6,19.35,19.49,885000
17-Oct-17,19,19.6,18.7,19.29,2436500
16-Oct-17,18.69,18.95,18.5,18.86,201500
13-Oct-17,18.7,18.7,18.25,18.36,1027000
12-Oct-17,18.56,18.83,18.45,18.64,1298000
11-Oct-17,18.6,18.73,18.57,18.62,69000
10-Oct-17,18.75,18.89,18.5,18.57,862000
9-Oct-17,18.82,18.98,18.8,18.9,121000
6-Oct-17,18.75,19.25,18.7,18.9,548500
5-Oct-17,18.6,18.75,18.25,18.71,1890500
4-Oct-17,18.46,18.83,18.35,18.46,1962000
3-Oct-17,18.65,18.86,18.51,18.58,115000
2-Oct-17,19,19,18.65,18.68,436000
29-Sep-17,19,19.25,18.86,19,607000
28-Sep-17,18.71,19,18.7,18.97,580000
27-Sep-17,19.31,19.31,18.65,18.85,1562500
26-Sep-17,19.35,19.48,19.19,19.24,156000
25-Sep-17,19.36,19.89,19.2,19.39,335500
22-Sep-17,19.2,19.65,19.2,19.45,115500
21-Sep-17,19.7,19.75,19.29,19.31,505000
20-Sep-17,20.05,20.1,19.77,19.81,650000
19-Sep-17,19.44,20.35,19.44,19.91,2397500
18-Sep-17,19.14,19.35,19.14,19.35,135000
15-Sep-17,19.19,19.34,19.1,19.16,681500
14-Sep-17,19,19.39,19,19,2650500
13-Sep-17,18.89,19.2,18.72,19.01,660500
12-Sep-17,18.56,18.98,18.55,18.62,168500
11-Sep-17,18.72,18.9,18.6,18.79,394000
8-Sep-17,18.94,19,18.7,18.81,270500
7-Sep-17,18.56,18.89,18.49,18.52,914500
6-Sep-17,18.72,19.09,18.72,18.81,475500
5-Sep-17,18.63,18.93,18.5,18.88,223000
31-Aug-17,18.42,18.65,18.4,18.49,27000
30-Aug-17,18.51,18.65,18.4,18.45,657500
29-Aug-17,18.94,18.94,18.4,18.48,555000
28-Aug-17,18.86,19.07,18.73,18.86,239000
25-Aug-17,18.91,19,18.7,18.87,374500
24-Aug-17,19.1,19.15,18.77,18.85,1317500
23-Aug-17,19,19.25,19,19.12,1078000
22-Aug-17,18.65,19,18.65,18.95,1337000
21-Aug-17,19.3,19.47,18.8,18.84,610500
18-Aug-17,19.5,19.5,19.25,19.29,340000
17-Aug-17,20.1,20.1,19.3,19.55,1080500
16-Aug-17,20.05,20.05,19.56,19.97,745000
15-Aug-17,20.25,20.47,19.75,19.81,733000
11-Aug-17,20.35,20.4,20.1,20.3,444500
10-Aug-17,20.94,20.94,20.32,20.46,1176000
9-Aug-17,20.69,20.98,20.26,20.85,903000
8-Aug-17,21.61,21.9,20.4,20.48,2348500
7-Aug-17,21.5,21.74,21.1,21.42,1927000
4-Aug-17,21.79,22.1,21.3,21.42,1957500
3-Aug-17,21.48,21.85,21.3,21.62,2762000
2-Aug-17,20.79,21.47,20.79,21.37,2184500
1-Aug-17,20.32,20.69,20.3,20.59,576500
31-Jul-17,20.4,20.74,20.25,20.53,2148000
28-Jul-17,19.1,20.3,19.08,20.04,1879500
27-Jul-17,20.24,20.24,19.87,19.99,127500
26-Jul-17,20.25,20.35,19.9,19.96,904500
25-Jul-17,20.35,20.5,20.2,20.45,733500
24-Jul-17,20.15,20.35,19.9,20.12,298000
21-Jul-17,20.1,20.35,19.8,20.15,1531000
20-Jul-17,20.76,21,20.2,20.3,2163500
19-Jul-17,20.74,21.29,20.3,20.53,4217500
18-Jul-17,19.7,20.59,19.7,20.59,5155000
17-Jul-17,19.02,19.7,19.02,19.59,298000
14-Jul-17,19.25,19.51,19,19.45,255000
13-Jul-17,19.39,19.4,18.95,19.12,228000
12-Jul-17,19.4,19.4,18.55,19.19,799500
11-Jul-17,19.7,19.7,19.2,19.2,1591000
10-Jul-17,19.54,20.3,19.52,20.21,1615000
7-Jul-17,20.25,20.25,19.51,19.85,1407000
6-Jul-17,20.2,20.31,20.08,20.25,312500
5-Jul-17,20.34,20.4,20,20.23,450500
4-Jul-17,19.5,20.05,19.5,20.01,356500
3-Jul-17,20.05,20.05,19.52,19.62,871500
30-Jun-17,20,20.24,19.9,20.17,1095000
29-Jun-17,20.2,20.55,20,20.11,659500
22-Jun-17,19.42,20.34,19.42,20.23,4019500
21-Jun-17,18.4,19.56,18.11,19.53,16691000
20-Jun-17,19.51,19.7,18.5,18.56,13907500
19-Jun-17,19.51,19.9,19.4,19.5,3723500
16-Jun-17,19.57,19.6,19.45,19.5,2358000
15-Jun-17,19.7,19.98,19.45,19.52,460500
14-Jun-17,20.26,20.3,19.62,19.77,797000
13-Jun-17,20.1,20.4,19.63,20.05,503000
12-Jun-17,20.6,20.6,19.69,19.8,1689500
9-Jun-17,20.76,20.88,20.66,20.72,185500
8-Jun-17,20.96,21.2,20.85,20.9,170500
7-Jun-17,21,21.2,20.9,21.03,419000
6-Jun-17,21.4,21.49,20.8,20.98,1012000
5-Jun-17,21.19,21.45,20.8,21.3,784500
2-Jun-17,20.32,21,20.25,20.73,938500
1-Jun-17,21.39,21.4,20.16,20.42,1741000
31-May-17,22,22.2,21,21.22,2590000
30-May-17,22.49,22.6,21.8,22,1544000
29-May-17,22.05,22.55,22,22.43,565000
26-May-17,22.69,22.69,22.1,22.23,1614500
25-May-17,23.3,23.4,22.55,22.69,3513500
24-May-17,21.45,22.4,21.4,22.4,1820500
23-May-17,21.11,21.5,21.05,21.34,1148500
22-May-17,21.5,21.6,21.13,21.22,784500
19-May-17,21.41,21.48,21.15,21.23,267000
18-May-17,21.65,21.65,21.23,21.31,557000
17-May-17,21.8,22,21.62,21.77,397500
16-May-17,22,22.21,21.7,21.84,986000
15-May-17,21.52,22.5,21.5,22.09,3254500
12-May-17,21.24,21.67,21.24,21.49,976000
11-May-17,21.47,21.61,21.15,21.24,588000
10-May-17,21.6,21.6,20.9,21.47,1633000
9-May-17,22,22.15,21.5,21.6,3238500
8-May-17,20.66,21.58,20.5,21.42,3974000
5-May-17,20.48,20.8,20.02,20.56,1883500
4-May-17,19.95,20.5,19.75,20.13,1348000
3-May-17,20,20,19.57,19.73,980500
2-May-17,20.25,20.25,19.6,19.94,540500
28-Apr-17,20.05,20.3,20,20.06,1018500
27-Apr-17,20.25,20.39,19.93,20,1183000
26-Apr-17,19.99,20.23,19.9,20.14,473000
25-Apr-17,20.65,20.65,19.9,20.01,1318000
24-Apr-17,20.41,20.7,20.1,20.58,1239000
21-Apr-17,20.5,20.6,20.28,20.39,681000
20-Apr-17,20.09,20.92,19.6,20.27,4801500
19-Apr-17,18.16,19.92,18.16,19.92,4490500
18-Apr-17,19,19.1,18.72,18.92,433000
17-Apr-17,19.38,19.59,18.8,18.84,1104000
14-Apr-17,19.75,19.9,19.42,19.48,468500
13-Apr-17,19.97,20.59,19.56,19.64,6498500
12-Apr-17,19.95,19.95,19.75,19.86,1147000
11-Apr-17,19.72,19.85,19.6,19.76,534500
10-Apr-17,19.77,19.94,19.7,19.84,216500
7-Apr-17,19.9,20.05,19.75,19.9,374000
6-Apr-17,20,20.09,19.56,19.84,415500
5-Apr-17,20.21,20.21,19.9,19.99,518500
4-Apr-17,20,20.5,19.91,20.28,359500
3-Apr-17,20.25,20.5,20.16,20.28,313000
31-Mar-17,20.53,20.53,20.01,20.19,2168000
30-Mar-17,20.95,20.95,20.02,20.49,1091500
29-Mar-17,21,21.1,20.7,20.79,381500
28-Mar-17,20.89,20.93,20.6,20.88,557500
27-Mar-17,21.4,21.4,20.75,20.86,956500
24-Mar-17,21.52,21.65,21.41,21.49,605500
22-Mar-17,21.89,21.95,21.5,21.7,650000
21-Mar-17,22.1,22.1,21.5,21.83,612500
20-Mar-17,23.55,23.55,23,23.23,2869500
17-Mar-17,23.01,23.35,23,23.13,283500
16-Mar-17,22.61,23.2,22.6,22.99,306500
15-Mar-17,22.9,23.05,22.7,22.87,743500
14-Mar-17,22.82,23,22.65,22.87,779000
13-Mar-17,23.25,23.25,22.9,22.92,425500
10-Mar-17,23.4,23.45,22.82,23.12,680000
9-Mar-17,23.51,23.74,23.01,23.24,501000
8-Mar-17,23.74,23.94,23.54,23.6,324500
7-Mar-17,23.74,23.9,23.65,23.73,487500
6-Mar-17,24,24.25,23.5,23.57,798500
3-Mar-17,24.07,24.25,23.75,23.96,523000
2-Mar-17,24.39,24.64,24,24.1,1919500
1-Mar-17,23.7,24.44,23.7,24.27,1286500
28-Feb-17,23.5,23.99,23.5,23.88,1260000
27-Feb-17,23.25,23.74,23.12,23.53,1352500
24-Feb-17,23.94,23.94,23.3,23.4,1556500
23-Feb-17,23.6,24,23.46,23.7,1844000
22-Feb-17,24.35,24.35,23.4,23.82,2173000
21-Feb-17,24.29,24.38,23.8,24.19,1164500
20-Feb-17,24.6,24.6,24.05,24.09,1179500
17-Feb-17,24.5,24.88,24.35,24.43,1164000
16-Feb-17,25.29,25.29,24.4,24.54,2874500
15-Feb-17,25.61,25.7,24.65,24.97,4337000
14-Feb-17,26.66,26.99,25.46,25.47,8035500
13-Feb-17,27.5,27.71,26.61,26.8,2077500
10-Feb-17,27.05,27.45,27.01,27.36,1686500
9-Feb-17,27.06,27.3,26.95,27.01,2113000
8-Feb-17,26.67,27.19,26.55,26.85,4922500
7-Feb-17,26.7,27.2,26.65,26.71,776000
6-Feb-17,26.75,27,26.35,26.85,1086500
3-Feb-17,26.5,26.89,26.11,26.36,912500
2-Feb-17,26.11,26.75,26.02,26.61,1596500
1-Feb-17,25.8,26.22,25.65,26.04,2324000
31-Jan-17,25.51,25.8,24.65,25.56,1672000
30-Jan-17,26.8,26.8,25.2,25.34,2602000
27-Jan-17,27.01,27.05,26.25,26.48,2405000
26-Jan-17,27.19,27.2,26.87,27,1209000
25-Jan-17,26.9,27.34,26.81,26.95,1867500
24-Jan-17,27,27.15,26.7,26.82,2278500
23-Jan-17,26.98,27.2,26.83,27.02,2062000
20-Jan-17,28,28.03,26.51,26.79,3170000
19-Jan-17,27.23,27.99,27.15,27.9,4102000
18-Jan-17,26.4,27.33,26.15,27.16,3499000
17-Jan-17,26.02,26.3,25.6,26.04,2231500
16-Jan-17,27.1,27.1,26,26.16,1118000
13-Jan-17,27.25,27.3,26.72,26.8,1556000
12-Jan-17,27.5,27.64,27.25,27.34,1758000
11-Jan-17,26.9,27.65,26.8,27.42,4374500
10-Jan-17,26.8,26.91,26.61,26.89,1400500
9-Jan-17,27.01,27.18,26.65,26.98,7556000
6-Jan-17,26.4,27.04,26.4,26.93,5088500
5-Jan-17,26.28,27,26.1,26.35,9350000
4-Jan-17,25.19,26.28,24.91,26.28,13347000
3-Jan-17,25.6,25.65,25,25.03,3787500
2-Jan-17,25.03,25.55,24.9,25.42,3256500
30-Dec-16,24.99,25,24.76,24.95,1455000
29-Dec-16,24.8,25.1,24.8,24.97,4916000
28-Dec-16,24.6,25,24.6,24.84,1700000
27-Dec-16,24.72,24.75,24.5,24.55,721000
26-Dec-16,24.79,24.84,24.3,24.5,614500
23-Dec-16,24.59,24.8,24.3,24.6,1286500
22-Dec-16,24.55,24.75,24.15,24.29,1459500
21-Dec-16,24.98,25.08,24.3,24.5,2569000
20-Dec-16,25.5,25.5,24.85,25.12,6426000
19-Dec-16,25.1,25.61,24.85,25.27,12772500
16-Dec-16,24.61,25.15,24.46,24.96,4394000
15-Dec-16,24.3,25.15,24.25,24.64,8351000
14-Dec-16,24.2,24.45,23.91,24.14,2380500
13-Dec-16,24.65,24.65,24.15,24.19,2440500
9-Dec-16,24.5,24.78,24.3,24.33,4173500
8-Dec-16,24.65,24.7,24.2,24.37,2802000
7-Dec-16,24.2,24.95,24.01,24.47,11523500
6-Dec-16,24,24.15,23.39,24.02,13432000
5-Dec-16,24.15,24.24,23.9,24.01,1810000
2-Dec-16,24.05,24.49,23.7,23.95,1464500
1-Dec-16,24.2,24.35,23.85,23.94,2153000
30-Nov-16,23.8,24.3,23.55,23.99,4146000
29-Nov-16,23.94,23.97,23.5,23.61,1885500
28-Nov-16,23.5,23.98,23.5,23.72,931500
25-Nov-16,23.64,23.71,23.4,23.5,2569500
24-Nov-16,23.8,23.8,23.5,23.64,1175500
23-Nov-16,23.52,24.01,23.5,23.73,2823500
22-Nov-16,23.95,24,23.5,23.73,1514000
21-Nov-16,23.9,24.28,23.75,23.87,842000
18-Nov-16,24.05,24.25,23.87,23.97,1168000
17-Nov-16,24.3,24.35,23.81,24.02,1723500
16-Nov-16,23.9,24.1,23.5,24.01,1306000
15-Nov-16,24.1,24.4,23.7,23.79,1939000
14-Nov-16,24.68,24.95,24.1,24.2,2506000
11-Nov-16,24.5,24.97,24.2,24.48,4999000
10-Nov-16,24.15,24.69,24.02,24.45,3689500
9-Nov-16,23.57,24.24,23.3,23.98,3379000
8-Nov-16,24.6,24.95,23.84,24.02,3861000
7-Nov-16,23.86,24.68,23.55,24.49,6319500
4-Nov-16,23.75,23.85,23.1,23.67,2838000
3-Nov-16,22.9,23.8,22.65,23.5,6028500
2-Nov-16,22.74,23,22.31,22.78,5712000
1-Nov-16,21.4,22.48,21.4,22.43,2434000
31-Oct-16,21.9,21.9,21.2,21.41,595000
28-Oct-16,21.14,21.45,20.92,21.32,618000
27-Oct-16,21.4,21.75,21.17,21.24,564000
26-Oct-16,21.9,21.9,21.4,21.49,1356000
25-Oct-16,21.62,21.88,21.35,21.68,1315000
24-Oct-16,22.05,22.39,21.85,21.93,816500
21-Oct-16,22.82,22.95,22.25,22.33,1783000
20-Oct-16,23,23.25,22.52,22.76,5142500
19-Oct-16,21.6,22.68,21.6,22.41,8072000
18-Oct-16,21.67,21.7,21.5,21.6,1510000
17-Oct-16,22.01,22.35,21.65,21.73,2128500
14-Oct-16,22,22.2,21.6,22.07,3438000
13-Oct-16,22,22.75,21.75,22.1,17509500
10-Oct-16,20.7,21.67,20.6,21.67,8252000
7-Oct-16,20.45,20.85,20.15,20.64,1200000
6-Oct-16,20.68,20.68,20.22,20.33,1276000
5-Oct-16,20.2,20.5,20.2,20.42,1103000
4-Oct-16,20.15,20.4,20,20.21,650000
3-Oct-16,20,20.2,19.92,20.09,820000
30-Sep-16,19.7,19.99,19.7,19.91,208500
29-Sep-16,20.05,20.25,19.65,19.71,589000
28-Sep-16,20,20.3,19.6,20.02,534000
27-Sep-16,20.11,20.39,19.75,19.94,770000
26-Sep-16,19.55,20.2,19.55,20.04,615000
23-Sep-16,19.95,20,19.5,19.55,574500
22-Sep-16,19.9,20.2,19.9,19.98,439500
21-Sep-16,20.4,20.4,19.75,19.78,1585000
20-Sep-16,20.6,20.7,20.3,20.48,1139000
19-Sep-16,20.55,20.85,20.25,20.75,1824000
16-Sep-16,20.37,20.9,20.16,20.63,3005000
15-Sep-16,19.9,20.34,19.7,20.29,3769000
9-Sep-16,19.25,19.98,19.25,19.84,4707500
8-Sep-16,19.2,19.31,19.2,19.25,315500
7-Sep-16,19.13,19.35,19.13,19.3,719500
6-Sep-16,19.04,19.3,19.04,19.26,336000
5-Sep-16,19.2,19.25,19,19.16,588000
2-Sep-16,19.25,19.38,19.1,19.3,605000
1-Sep-16,19.21,19.35,19.2,19.25,266500
31-Aug-16,19.15,19.46,19.15,19.36,4038500
30-Aug-16,19.21,19.3,19.16,19.18,503000
29-Aug-16,19.05,19.35,19.05,19.27,392000
26-Aug-16,19.05,19.24,19,19.12,308500
25-Aug-16,19.29,19.31,19.06,19.15,405000
24-Aug-16,19,19.3,18.91,19.21,1145000
23-Aug-16,18.8,19.1,18.8,19.05,746500
22-Aug-16,18.8,18.9,18.61,18.82,290500
19-Aug-16,18.66,18.9,18.5,18.65,648500
18-Aug-16,18.9,19,18.7,18.74,732000
17-Aug-16,18.96,19,18.76,18.81,110000
16-Aug-16,19.05,19.15,18.9,18.92,834000
15-Aug-16,19,19.08,18.9,18.92,413500
12-Aug-16,18.99,19.1,18.71,19.03,759500
11-Aug-16,18.56,18.85,18.56,18.78,227500
10-Aug-16,18.88,19.08,18.5,18.74,948000
9-Aug-16,19.4,19.87,18.78,18.88,5376000
8-Aug-16,19.14,19.4,19.05,19.31,314500
5-Aug-16,18.9,19.35,18.9,19.23,137000
4-Aug-16,19.38,19.39,19.14,19.17,603500
3-Aug-16,19.06,19.42,19.06,19.26,190500
2-Aug-16,19.31,19.4,19.15,19.21,535000
1-Aug-16,18.55,19.45,18.55,19.3,1709500
29-Jul-16,18.5,18.7,18.5,18.68,100000
28-Jul-16,18.4,18.65,18.35,18.55,847500
27-Jul-16,18.26,18.4,18.25,18.35,559000
26-Jul-16,18.31,18.37,18.2,18.24,245000
25-Jul-16,18.34,18.59,18.25,18.25,238500
22-Jul-16,18.52,18.6,18.4,18.44,152000
21-Jul-16,18.5,18.6,18.35,18.5,708500
20-Jul-16,18.5,18.6,18.35,18.41,567500
19-Jul-16,18.31,18.59,18.31,18.54,189000
18-Jul-16,18.5,18.51,18.13,18.42,294500
15-Jul-16,18.33,18.84,18.2,18.25,272500
14-Jul-16,18.37,18.48,18.32,18.4,92000
13-Jul-16,18.45,18.5,18.32,18.39,309000
12-Jul-16,18.49,18.5,18.35,18.42,100000
11-Jul-16,18.41,18.75,18.41,18.5,211000
4-Jul-16,18.27,18.65,18.24,18.57,83500
30-Jun-16,18.15,18.8,18.15,18.68,383000
29-Jun-16,18.25,18.39,18.15,18.27,192500
28-Jun-16,18.29,18.29,17.81,18.12,207000
27-Jun-16,17.97,18,17.5,17.94,109500
24-Jun-16,18.2,18.2,17.55,17.82,326000
23-Jun-16,18.36,18.36,18.06,18.13,485000
22-Jun-16,18.4,18.4,18.01,18.14,302500
21-Jun-16,18.12,18.29,18.12,18.23,43500
20-Jun-16,18.61,18.61,18.2,18.26,253000
17-Jun-16,18.79,18.79,18.3,18.6,496500
16-Jun-16,18.25,18.99,18.25,18.71,1456500
15-Jun-16,18.1,18.29,18.05,18.26,271000
14-Jun-16,17.99,18.2,17.99,18.03,347000
13-Jun-16,17.8,18,17.75,17.97,263000
10-Jun-16,17.85,18,17.75,17.81,116000
9-Jun-16,17.8,18,17.75,17.87,571000
8-Jun-16,17.98,17.98,17.78,17.79,158000
7-Jun-16,17.7,17.9,17.7,17.8,31500
6-Jun-16,17.8,17.97,17.62,17.78,196000
3-Jun-16,17.85,17.93,17.8,17.89,642000
2-Jun-16,18,18,17.75,17.8,476000
1-Jun-16,17.94,18,17.91,17.96,534000
31-May-16,17.99,18.01,17.6,17.71,569000
30-May-16,18.13,18.2,18,18,237500
27-May-16,18.07,18.48,18.05,18.09,381500
26-May-16,18.3,18.3,18.08,18.17,364000
25-May-16,18.2,18.28,18.19,18.21,398500
24-May-16,18.35,18.35,18.06,18.15,470000
23-May-16,18.2,18.35,17.94,18.21,1137500
20-May-16,18.41,18.51,18.22,18.34,303500
19-May-16,18.2,18.46,18.2,18.39,738000
18-May-16,18.21,18.25,18.12,18.21,173500
17-May-16,18.2,18.39,18.2,18.23,156000
16-May-16,18.25,18.35,18.2,18.25,239000
13-May-16,18.3,18.35,18.2,18.3,269500
12-May-16,18.25,18.39,18.15,18.19,163000
11-May-16,18.2,18.37,18.2,18.25,466500
10-May-16,18.15,18.4,18.15,18.2,68000
9-May-16,18.2,18.25,18.06,18.15,475500
6-May-16,18.48,18.48,18.11,18.22,669000
5-May-16,18.59,18.59,18.24,18.31,745500
4-May-16,18.74,18.75,18.4,18.47,892000
3-May-16,18.5,18.72,18.42,18.58,166000
2-May-16,18.8,18.8,18.43,18.5,607500
29-Apr-16,18.3,18.8,18.2,18.57,4017000
28-Apr-16,18.3,18.6,18.15,18.29,1840000
27-Apr-16,18.5,18.5,18.26,18.3,1149500
26-Apr-16,18.71,18.9,18.45,18.48,455500
25-Apr-16,18.85,18.86,18.7,18.71,140500
22-Apr-16,19.09,19.09,18.75,18.96,402500
21-Apr-16,19,19.16,18.8,18.82,445000
20-Apr-16,19.24,19.24,18.85,18.86,85000
19-Apr-16,18.8,19.15,18.8,19,1253500
18-Apr-16,18.45,19,18.5,18.79,272500
15-Apr-16,18.5,18.6,18.5,18.53,307500
14-Apr-16,18.65,18.7,18.5,18.6,630000
13-Apr-16,18.62,18.7,18.6,18.61,496000
12-Apr-16,18.66,18.8,18.55,18.63,196000
11-Apr-16,18.9,18.9,18.66,18.78,236000
8-Apr-16,19.14,19.14,18.8,18.92,57500
7-Apr-16,19.22,19.39,19.01,19.1,533000
6-Apr-16,18.77,19.1,18.61,19.07,449500
5-Apr-16,18.4,18.98,18.4,18.83,1266500
4-Apr-16,18.5,18.6,18.35,18.5,583500
1-Apr-16,18.74,18.88,18.4,18.51,712500
31-Mar-16,18.75,18.93,18.6,18.75,332500
30-Mar-16,18.6,18.8,18.55,18.74,121500
29-Mar-16,18.51,18.72,18.51,18.54,201500
28-Mar-16,18.95,18.95,18.51,18.61,186500
25-Mar-16,18.81,18.99,18.61,18.8,187500
24-Mar-16,19.14,19.14,18.85,18.89,140500
22-Mar-16,19.15,19.49,18.95,19.14,486000
21-Mar-16,19.02,19.35,19.02,19.21,591500
18-Mar-16,20,20.18,19.9,20.09,595000
17-Mar-16,20.11,20.22,19.9,19.96,1069500
16-Mar-16,20.27,20.27,20.01,20.06,332500
15-Mar-16,19.9,20.1,19.86,20,917500
14-Mar-16,20.05,20.3,19.8,19.85,925000
11-Mar-16,19.95,20.15,19.9,20.01,299500
10-Mar-16,20.21,20.32,20,20.07,589000
9-Mar-16,20.3,20.3,20.16,20.22,317500
8-Mar-16,20.52,20.75,20.3,20.39,390500
7-Mar-16,20.56,20.85,20.55,20.7,231500
4-Mar-16,20.61,20.8,20.5,20.55,116500
3-Mar-16,20.4,21,20.4,20.7,1159500
2-Mar-16,20.25,20.57,20.2,20.45,963000
1-Mar-16,20.01,20.29,19.9,19.98,454000
29-Feb-16,19.92,20.4,19.9,20.05,209500
26-Feb-16,20.29,20.3,19.91,19.99,432000
25-Feb-16,20.29,20.49,20,20.18,530000
24-Feb-16,20.14,20.4,19.9,20.34,80500
23-Feb-16,19.77,20.1,19.6,19.83,338000
22-Feb-16,20.12,20.39,19.76,19.81,596500
19-Feb-16,20.51,20.82,20,20.38,274000
18-Feb-16,20.98,21,20.5,20.58,262500
17-Feb-16,20.95,20.98,20.65,20.86,414000
16-Feb-16,21.65,21.75,20.75,20.85,1765500
15-Feb-16,22.17,22.74,21.5,21.62,2605000
12-Feb-16,22.3,22.3,21.5,21.7,602000
11-Feb-16,22.25,22.4,22.02,22.21,92000
10-Feb-16,22.12,22.63,22.12,22.23,86000
9-Feb-16,22.23,22.64,22.11,22.43,314500
8-Feb-16,22.59,22.8,22.41,22.52,274500
4-Feb-16,22.36,22.75,22.36,22.49,920500
3-Feb-16,22.01,22.69,22,22.56,563500
2-Feb-16,22.72,23,22.05,22.22,2073000
1-Feb-16,21.51,22.55,21.5,22.55,3190000
29-Jan-16,21.6,21.8,21.16,21.48,115500
28-Jan-16,21.5,21.95,21.42,21.48,396000
27-Jan-16,21.5,22.05,21.49,21.61,774000
26-Jan-16,21.09,21.6,21.09,21.49,667000
25-Jan-16,21,21.3,20.9,21,332500
22-Jan-16,20.9,21.39,20.8,20.82,313000
21-Jan-16,20.3,21.05,20.3,20.93,697000
20-Jan-16,20.75,20.8,20.31,20.46,69000
19-Jan-16,20.4,20.94,20.4,20.9,120500
18-Jan-16,20.33,20.97,19.71,20.32,477000
15-Jan-16,20.75,21.25,20.25,20.74,453000
14-Jan-16,20.61,21.5,20.6,20.83,1286000
13-Jan-16,21.15,21.6,21,21.03,420000
12-Jan-16,21.25,21.46,21.1,21.12,240000
11-Jan-16,21.3,21.4,21.15,21.28,136000
10-Jan-16,21.45,21.6,21.3,21.5,550000
9-Jan-16,21.45,21.6,21.3,21.5,550000
8-Jan-16,21.45,21.6,21.3,21.5,550000
7-Jan-16,21.5,21.75,21.26,21.33,461500
6-Jan-16,21.26,21.88,21.25,21.69,1631000
5-Jan-16,21.11,21.36,21,21.29,376000
4-Jan-16,21.75,21.75,21.34,21.41,177000
1-Jan-16,21.7,21.89,21.7,21.76,27500
31-Dec-15,22.35,22.35,21.53,21.74,1762000
30-Dec-15,21.22,22.12,21.22,21.92,1148500
29-Dec-15,21.4,21.45,21.1,21.14,56500
28-Dec-15,21.55,21.65,21.3,21.37,253000
23-Dec-15,21.81,21.81,21.41,21.49,405000
22-Dec-15,21.51,21.75,21.4,21.59,618500
21-Dec-15,21,21.68,20.95,21.53,772500
18-Dec-15,21.1,21.2,20.9,21,137000
17-Dec-15,21,21.2,21,21.15,134500
16-Dec-15,21,21.1,20.8,20.86,288000
15-Dec-15,21.2,21.6,20.7,20.76,526500
14-Dec-15,21.1,21.4,21.06,21.22,226000
11-Dec-15,21.2,21.85,21.14,21.21,435500
10-Dec-15,21.1,21.55,20.96,21.45,1538500
9-Dec-15,20.98,21.2,20.82,20.91,89000
8-Dec-15,21.08,21.15,20.91,20.94,158000
7-Dec-15,20.75,21.2,20.7,21.02,158500
4-Dec-15,20.99,21.29,20.95,20.99,230000
3-Dec-15,20.8,21.09,20.75,20.9,168000
2-Dec-15,20.5,20.92,20.45,20.84,405500
1-Dec-15,21.14,21.2,20.4,20.58,440500
30-Nov-15,21.49,21.51,20.75,20.91,397000
27-Nov-15,21.11,21.47,21,21.33,132500
26-Nov-15,21.26,21.64,21.15,21.16,122500
25-Nov-15,21.4,21.6,21,21.11,268500
24-Nov-15,21.35,21.5,21.31,21.39,194000
23-Nov-15,21.7,21.7,21.35,21.4,305500
20-Nov-15,21.79,21.85,21.51,21.57,54000
19-Nov-15,21.71,21.9,21.5,21.82,293500
18-Nov-15,21.9,21.91,21.71,21.75,154500
17-Nov-15,21.7,22.09,21.7,21.98,113500
16-Nov-15,21.67,21.85,21.6,21.7,112500
13-Nov-15,21.71,22,21.7,21.79,73000
12-Nov-15,22,22.15,21.85,21.9,497500
11-Nov-15,22,22.05,21.62,21.72,872000
10-Nov-15,22.19,22.29,22.05,22.1,180000
9-Nov-15,22.17,22.5,22.16,22.21,955500
6-Nov-15,22.31,22.45,22.15,22.24,289000
5-Nov-15,22.49,22.68,22.35,22.36,348500
4-Nov-15,22.55,22.74,22.4,22.42,733000
3-Nov-15,22.16,22.55,22.16,22.49,1306000
2-Nov-15,22.3,22.35,22.15,22.18,58000
30-Oct-15,22.49,22.5,22.25,22.39,636000
29-Oct-15,22.65,22.66,22.4,22.41,586000
28-Oct-15,22.3,22.75,22.25,22.51,895500
27-Oct-15,22.03,22.25,22.01,22.22,48000
26-Oct-15,22.45,22.5,22,22.07,571000
22-Oct-15,22.3,22.5,22.27,22.32,1287500
21-Oct-15,22.2,22.47,22.2,22.34,265500
20-Oct-15,22.51,22.6,22.14,22.19,470500
19-Oct-15,22.3,22.7,22.25,22.53,1582000
16-Oct-15,22.3,22.49,22.1,22.23,627000
15-Oct-15,22.5,22.64,22.16,22.26,1055500
14-Oct-15,22.15,22.37,22.03,22.31,351000
13-Oct-15,22.4,22.5,22.02,22.2,733000
12-Oct-15,21.9,22.57,21.8,22.42,2033000
9-Oct-15,21.94,22,21.81,21.9,326500
8-Oct-15,21.53,21.97,21.53,21.96,134000
7-Oct-15,21.85,21.87,21.54,21.55,51000
6-Oct-15,21.88,21.99,21.71,21.77,262000
5-Oct-15,21.6,21.9,21.35,21.47,166500
2-Oct-15,22,22,21.75,21.82,686000
1-Oct-15,21.99,22.1,21.76,21.98,577000
30-Sep-15,22.1,22.1,21.32,21.81,803500
29-Sep-15,22.02,22.34,21.51,21.73,704000
28-Sep-15,22,22.55,22,22.27,314000
23-Sep-15,21.81,22.27,21.81,22.22,129000
22-Sep-15,22.01,22.38,22,22.27,331500
21-Sep-15,21.8,22.19,21.5,21.99,1821000
18-Sep-15,22.45,22.58,22,22.07,516500
17-Sep-15,22.6,22.85,22.3,22.39,785000
16-Sep-15,21.8,22.65,21.8,22.58,1285000
15-Sep-15,21.66,21.95,21.4,21.68,540500
14-Sep-15,22.1,22.1,21.5,21.66,156500
11-Sep-15,22.35,22.42,22,22.06,1975500
10-Sep-15,22.2,22.49,22.05,22.24,209500
9-Sep-15,22.42,22.75,22.22,22.35,316000
8-Sep-15,22.5,23,21.8,22.7,2903000
7-Sep-15,22.75,24,22.41,23.63,10110500
4-Sep-15,23.8,23.85,22.8,23.14,653500
3-Sep-15,23.58,23.86,23.25,23.5,1110500
2-Sep-15,22.8,23.48,22.8,23.37,588500
1-Sep-15,23.79,23.8,22.96,23.07,2900000
31-Aug-15,23.56,23.94,23.56,23.78,1496500
28-Aug-15,24,24.25,23.75,23.81,1730000
27-Aug-15,23.95,24.3,23.8,23.98,7151000
26-Aug-15,24,24.3,23.52,23.6,8961000
25-Aug-15,22.55,23.6,22.55,23.6,12264500
24-Aug-15,23.05,23.16,22.42,22.48,3045000
21-Aug-15,23.9,23.93,22.91,23.6,2619500
20-Aug-15,24.24,24.3,23.75,23.96,5606000
19-Aug-15,24.05,24.35,23.9,24.16,2458500
18-Aug-15,23.44,24.4,23.44,23.97,5716000
17-Aug-15,23.9,23.9,23.4,23.57,1883000
13-Aug-15,23.11,24,23.11,23.65,4004000
12-Aug-15,23.7,23.98,23.25,23.31,1866000
11-Aug-15,23.99,24.09,23.7,23.82,925000
10-Aug-15,24,24.1,23.65,23.82,1660000
7-Aug-15,24.27,24.43,23.9,24.08,1487500
6-Aug-15,24,24.65,24,24.24,5361000
5-Aug-15,24,24.34,24,24.02,2599500
4-Aug-15,23.9,24.33,23.6,24.03,2835500
3-Aug-15,23.77,23.95,23.5,23.75,942500
31-Jul-15,23.85,24,23.6,23.73,492500
30-Jul-15,23.5,24.15,23.1,23.91,4113500
29-Jul-15,22.25,23.47,22.25,23.34,5804000
28-Jul-15,22.01,22.48,22,22.36,1114000
27-Jul-15,23,23.09,21.9,21.99,3351500
24-Jul-15,23.5,23.5,22.85,22.91,1500500
23-Jul-15,23.98,24.25,23.1,23.24,3398500
22-Jul-15,22.77,23.64,22.75,23.64,7699500
16-Jul-15,22.11,23,22.1,22.52,5990500
15-Jul-15,21.82,22.39,21.8,22.26,3254000
14-Jul-15,22.01,22.25,21.8,22,452500
13-Jul-15,21.55,22.48,21.49,22.25,3082500
10-Jul-15,21.35,21.6,21.1,21.55,527000
9-Jul-15,21.5,21.5,20.85,21.26,1608000
8-Jul-15,21.55,21.85,21.2,21.32,294000
7-Jul-15,21.4,22.08,21.02,21.73,2395000
6-Jul-15,21.35,21.6,21.02,21.19,674000
3-Jul-15,21.68,21.8,21.38,21.59,326500
2-Jul-15,21.29,21.58,21.29,21.51,1042000
1-Jul-15,20.92,21.45,20.42,21.13,572500
30-Jun-15,21.35,21.36,20.81,21.21,1174500
29-Jun-15,20.2,21.33,20.05,21.33,3772000
26-Jun-15,19.35,20.39,19.3,20.32,3365500
25-Jun-15,19.35,19.68,19.05,19.39,740500
24-Jun-15,19.07,19.74,19,19.59,1094500
23-Jun-15,19.1,19.24,18.95,19.02,8144500
22-Jun-15,19.26,19.35,19.07,19.2,423000
19-Jun-15,19.74,19.74,19.37,19.45,169500
18-Jun-15,19.3,19.8,19.2,19.59,403500
17-Jun-15,19.45,19.45,19.02,19.15,573500
16-Jun-15,19.5,19.74,19.3,19.34,261500
15-Jun-15,19.81,19.83,19.34,19.57,1564500
12-Jun-15,19.9,20.2,19.75,19.81,465000
11-Jun-15,20.01,20.3,19.76,19.9,827000
10-Jun-15,20.26,20.5,19.96,20.01,570500
9-Jun-15,20.44,20.8,20.21,20.31,2051500
8-Jun-15,20.01,20.95,20.01,20.62,3422500
5-Jun-15,20.61,21.11,20.42,21.06,1198500
4-Jun-15,20.8,20.9,20.66,20.72,135000
3-Jun-15,21.06,21.12,20.85,20.98,853000
2-Jun-15,21.1,21.45,21,21.03,864000
1-Jun-15,21.26,21.4,21,21.21,1037500
29-May-15,20,21.06,20,21.05,4198500
28-May-15,19.75,20.38,19.75,20.06,669500
27-May-15,19.5,20,19.5,19.86,359500
26-May-15,19.59,19.8,19.39,19.51,175000
25-May-15,20.55,20.7,19.47,19.59,4093500
22-May-15,20.5,20.7,20.25,20.49,157500
21-May-15,20.41,20.78,20.41,20.48,96500
20-May-15,20.6,20.6,20.45,20.48,288000
19-May-15,20.83,20.9,20.55,20.57,139500
18-May-15,21.02,21.02,20.75,20.83,180500
15-May-15,21,21.4,20.9,20.92,309000
14-May-15,20.62,21.2,20.62,21.11,785000
13-May-15,20.85,21.08,20.85,21.02,181500
12-May-15,20.5,21.38,20.5,21.01,454500
11-May-15,21.1,21.43,20.67,20.75,687500
8-May-15,21.02,21.8,21,21.49,669000
7-May-15,21.41,21.64,21.1,21.51,378000
6-May-15,21.25,21.5,21.2,21.4,384500
5-May-15,21.31,21.31,21,21.15,624000
4-May-15,21.75,21.79,21.2,21.31,839000
30-Apr-15,21.6,21.9,21.5,21.52,962500
29-Apr-15,21.9,22,21.5,21.66,684000
28-Apr-15,21.62,22.13,21.6,21.75,1641000
27-Apr-15,21.77,22.14,21.72,21.88,1269000
24-Apr-15,22.39,22.39,21.83,21.94,1910000
23-Apr-15,22.33,22.84,22.01,22.15,13037000
22-Apr-15,20.75,21.76,20.7,21.76,8889000
21-Apr-15,21,21.2,20.4,20.73,1894500
20-Apr-15,21.2,21.47,20.5,20.9,5336500
17-Apr-15,19.65,20.79,19.63,20.74,6153500
16-Apr-15,19.37,19.94,19.25,19.79,2690500
15-Apr-15,19.26,19.5,18.9,19.04,1063500
14-Apr-15,19.39,19.65,19,19.12,1053500
13-Apr-15,19.1,19.4,19,19.2,519000
10-Apr-15,19.29,19.7,19.05,19.33,373000
9-Apr-15,19.22,19.4,19.05,19.12,285500
8-Apr-15,19.3,19.75,19.1,19.22,842000
7-Apr-15,19.3,19.4,18.93,19.24,1264500
6-Apr-15,19.83,19.83,19.41,19.67,730500
3-Apr-15,19,19.6,18.8,19.48,1995500
2-Apr-15,18.2,18.93,18,18.8,1832500
1-Apr-15,17.65,18.39,17.01,17.93,2890500
31-Mar-15,16.94,17.39,16.9,17.39,1673500
30-Mar-15,17.02,17.02,16.26,16.39,3848500
27-Mar-15,17.75,17.85,17.01,17.26,2106500
26-Mar-15,18.25,18.25,17.02,17.73,2688000
25-Mar-15,18.88,18.99,17.91,17.98,2878500
24-Mar-15,19,19.3,18.61,18.91,776500
20-Mar-15,19.03,19.44,18.95,19.04,1481000
19-Mar-15,20.3,20.78,20.11,20.28,1409500
18-Mar-15,21.89,21.89,20.3,20.49,2452000
17-Mar-15,21.83,21.83,21.25,21.36,707500
16-Mar-15,22.45,22.45,21.72,21.8,292500
13-Mar-15,21.66,22.3,21.66,22.14,253000
12-Mar-15,21.51,21.73,21.47,21.58,2146500
11-Mar-15,21.25,21.8,21.25,21.66,469000
10-Mar-15,22.05,22.05,21.45,21.5,1174500
9-Mar-15,22.15,22.49,21.95,22,719000
6-Mar-15,22.65,22.65,22.3,22.37,214500
5-Mar-15,22.3,22.7,22.3,22.66,623500
4-Mar-15,22.7,22.8,22.31,22.37,693000
3-Mar-15,21.58,22.74,21.58,22.34,3090500
2-Mar-15,22.4,22.4,21.52,21.66,1644500
27-Feb-15,22.51,22.7,22.27,22.31,1712500
26-Feb-15,22.75,22.88,22.65,22.7,918500
25-Feb-15,22.83,22.97,22.65,22.7,624000
24-Feb-15,22.8,23,22.8,22.83,1354500
23-Feb-15,23,23,22.81,22.86,593500
20-Feb-15,23,23.1,22.8,22.9,684500
19-Feb-15,22.61,23.05,22.56,22.92,1133500
18-Feb-15,22.71,23,22.62,22.7,1329000
17-Feb-15,23.48,23.49,22.7,22.79,4402500
16-Feb-15,24,24.1,23.26,23.35,2189000
13-Feb-15,24.2,24.9,23.7,23.93,11033500
12-Feb-15,24.55,24.58,23.9,24.49,2918000
11-Feb-15,24.86,24.94,24.2,24.39,4005000
10-Feb-15,25.2,25.44,24.81,24.94,1885000
9-Feb-15,25.4,25.54,25.15,25.38,3112500
6-Feb-15,25.39,25.45,25.2,25.3,2124000
4-Feb-15,25.19,25.45,25.1,25.2,5458000
3-Feb-15,24.55,25.19,24.5,25.03,3629500
2-Feb-15,24.56,24.9,24.41,24.58,1857000
30-Jan-15,24.11,24.88,24,24.53,6103000
29-Jan-15,24.2,24.52,24,24.04,3519000
28-Jan-15,24.31,24.5,24.15,24.2,604000
27-Jan-15,24.74,24.74,24.4,24.42,1814000
26-Jan-15,24.16,24.95,24,24.62,4637500
23-Jan-15,24.35,24.62,24.15,24.28,1856500
22-Jan-15,24.4,24.73,24.38,24.42,2566500
21-Jan-15,24.37,24.75,24.35,24.59,3475500
20-Jan-15,24.4,24.4,24.04,24.39,1306000
19-Jan-15,24.12,24.41,24.12,24.36,1894000
16-Jan-15,24.2,24.2,24,24.11,1019500
15-Jan-15,24,24.25,23.8,23.98,1923500
14-Jan-15,24.01,24.05,23.58,23.88,2575500
13-Jan-15,24.64,24.64,23.86,23.98,2393500
12-Jan-15,24.1,24.7,24.1,24.46,3595000
9-Jan-15,23.35,24.43,23.35,24.2,8910000
8-Jan-15,23.2,23.35,23.08,23.27,791000
7-Jan-15,23.06,23.39,23.06,23.2,727500
6-Jan-15,23.4,23.43,23,23.06,1310500
5-Jan-15,23,23.46,22.94,23.32,3194000
2-Jan-15,23.2,23.5,22.93,22.97,2130000
1-Jan-15,23.19,23.45,23.01,23.22,1084000
31-Dec-14,22.95,23.4,22.95,23.07,6065000
30-Dec-14,22.55,22.94,22.55,22.82,1979500
29-Dec-14,22.6,22.71,22.4,22.6,780500
26-Dec-14,22.77,22.87,22.35,22.58,1643500
24-Dec-14,22.15,22.8,22.15,22.7,2093500
23-Dec-14,22.05,22.25,22,22.15,807000
22-Dec-14,22,22.1,21.8,22.06,481500
19-Dec-14,21.9,21.93,21.75,21.89,413000
18-Dec-14,22.19,22.19,21.82,22,582000
17-Dec-14,22.02,22.28,21.65,21.78,761500
16-Dec-14,22.53,22.53,21.9,21.96,1016500
15-Dec-14,22.25,22.6,22.21,22.37,585500
12-Dec-14,22.5,22.5,22.25,22.39,323500
11-Dec-14,22.7,22.85,22.3,22.46,845000
10-Dec-14,22.97,23,22.51,22.59,594500
9-Dec-14,22.71,22.95,22.71,22.9,723000
8-Dec-14,23,23.1,22.75,22.85,1077500
5-Dec-14,22.8,23.1,22.74,22.97,2195500
4-Dec-14,22.5,22.9,22.3,22.79,2473500
3-Dec-14,22.38,22.6,22.26,22.4,1895000
2-Dec-14,21.91,22.3,21.75,22.23,2127500
1-Dec-14,21.7,22.2,21.7,21.9,1468500
28-Nov-14,21.85,22,21.8,21.9,840000
27-Nov-14,22.05,22.09,21.86,21.89,970500
26-Nov-14,22.01,22.3,21.94,22.01,907500
25-Nov-14,22,22.29,21.75,22.18,1453500
24-Nov-14,21.97,22.1,21.75,21.81,921500
21-Nov-14,22.2,22.25,21.95,21.97,2308000
20-Nov-14,22.47,22.49,21.95,22.01,1838000
19-Nov-14,22.65,22.85,22.2,22.29,1387000
18-Nov-14,22.65,22.85,22.5,22.68,2186500
17-Nov-14,22.46,22.85,22.3,22.62,815500
14-Nov-14,22.65,22.84,22.51,22.64,557000
13-Nov-14,23,23.03,22.7,22.76,1145000
12-Nov-14,22.85,23.05,22.76,22.88,2045000
11-Nov-14,23.05,23.05,22.8,22.82,2042000
10-Nov-14,23.29,23.38,23.01,23.09,3188000
7-Nov-14,23.04,23.2,22.9,23.14,4188500
6-Nov-14,22.3,23.08,22.3,22.84,9943000
5-Nov-14,22.2,22.55,22.2,22.45,1658000
31-Oct-14,22.1,22.27,22,22.22,856500
30-Oct-14,22.09,22.18,22,22.14,856500
29-Oct-14,22.49,22.5,21.9,21.95,3794500
28-Oct-14,22.5,22.56,22.26,22.31,2190000
27-Oct-14,22.79,22.9,22.29,22.52,4069500
24-Oct-14,22.51,22.79,22.45,22.68,4502000
23-Oct-14,22.4,22.54,22.35,22.41,2246000
22-Oct-14,22.48,22.65,22.2,22.36,1945000
21-Oct-14,22.2,22.65,22.11,22.35,5747500
20-Oct-14,22.01,22.22,21.85,22.12,1067000
17-Oct-14,22.33,22.33,22.02,22.11,981500
16-Oct-14,22.5,22.8,22.02,22.11,3939500
15-Oct-14,22.65,22.7,22.26,22.56,4111500
14-Oct-14,22.7,22.9,22.45,22.51,1893500
13-Oct-14,22,22.72,21.95,22.59,9955000
10-Oct-14,21.73,22.21,21.73,22.08,2678000
9-Oct-14,21.8,21.9,21.7,21.8,462000
3-Oct-14,22,22.17,21.75,21.81,2123500
2-Oct-14,21.63,22.35,21.63,21.97,9681500
1-Oct-14,21.53,21.8,21.41,21.52,4587000
30-Sep-14,21.08,21.63,21,21.55,1681000
29-Sep-14,21.21,21.35,20.95,20.99,477500
26-Sep-14,21.45,21.53,21.15,21.21,989000
25-Sep-14,21.8,21.8,21.3,21.34,2089500
24-Sep-14,21.72,22.1,21.65,21.73,3106000
23-Sep-14,21.66,21.87,21.59,21.75,1572000
22-Sep-14,21.95,22.15,21.55,21.66,2216000
19-Sep-14,21.8,22.14,21.8,21.89,1509500
18-Sep-14,21.93,22.49,21.8,21.88,10803500
17-Sep-14,21.75,22.1,21.62,21.8,3872500
16-Sep-14,21.59,21.99,21.46,21.68,19409000
15-Sep-14,21,21.6,20.95,21.44,1662500
12-Sep-14,21.05,21.3,21,21.13,2851500
11-Sep-14,21.05,21.05,20.81,20.91,833000
10-Sep-14,21.15,21.2,20.77,20.8,2644000
9-Sep-14,21.09,21.45,21.09,21.16,1652500
8-Sep-14,21.04,21.44,21,21.13,645000
5-Sep-14,21.25,21.66,21.01,21.15,997500
4-Sep-14,21,21.83,20.8,21.31,3811500
3-Sep-14,20.35,21.18,20.13,21.15,8328500
2-Sep-14,19.87,20.25,19.7,20.18,2821500
1-Sep-14,19.19,19.9,19.15,19.72,921500
29-Aug-14,19.89,20.2,19.35,19.72,1747500
28-Aug-14,19.05,19.7,19.01,19.34,1255000
27-Aug-14,19.3,19.45,19,19.4,958500
26-Aug-14,19.36,19.82,19.25,19.32,706500
25-Aug-14,19.7,19.89,19.6,19.7,288500
22-Aug-14,20,20.2,19.85,19.92,434500
21-Aug-14,20.13,20.35,19.8,19.84,2539000
20-Aug-14,19.9,20.15,19.6,19.69,1582000
19-Aug-14,19.8,19.99,19.51,19.94,1167000
18-Aug-14,19.76,20.5,19.6,19.92,1693000
15-Aug-14,19.9,20.25,19.5,20.2,1111000
13-Aug-14,19.37,19.99,19.26,19.61,1697000
12-Aug-14,19.57,20.25,19.35,19.56,2241000
11-Aug-14,21.5,21.5,20.94,20.94,3917500
8-Aug-14,22.15,22.99,22,22.04,2267500
7-Aug-14,21.93,22.14,21.8,21.98,2315000
6-Aug-14,22,22.27,21.76,21.95,3473500
5-Aug-14,22.25,22.79,21.9,22.16,16762500
4-Aug-14,21.45,22.76,21,22.33,6753000
28-Jul-14,21.56,21.89,21.5,21.68,1960500
24-Jul-14,22.18,22.34,21.7,21.76,3061500
23-Jul-14,21.7,22.24,21.4,22.04,6615000
22-Jul-14,21.18,21.32,21,21.32,12822500
21-Jul-14,19.5,20.31,19.35,20.31,14774500
18-Jul-14,19.3,19.5,19.1,19.31,2776000
17-Jul-14,18.45,19.2,18.45,19.07,3039500
16-Jul-14,18.31,18.53,18.2,18.37,1522000
15-Jul-14,18.4,18.44,18.16,18.24,680000
14-Jul-14,18,18.6,18,18.39,1824000
11-Jul-14,18.05,18.05,17.95,17.97,297500
10-Jul-14,18.11,18.18,17.9,18,281000
9-Jul-14,18.4,18.5,18,18.02,256500
8-Jul-14,18.35,18.45,18.2,18.25,48500
7-Jul-14,18.6,18.61,18.3,18.36,174500
4-Jul-14,18.98,18.98,18.6,18.66,106000
3-Jul-14,18.59,18.65,18.5,18.65,27500
2-Jul-14,18.85,18.87,18.59,18.6,290500
1-Jul-14,19,19,18.68,18.71,140000
30-Jun-14,19.27,19.35,18.9,19.01,890500
27-Jun-14,18.65,19.12,18.26,19.04,1143500
26-Jun-14,17.75,18.59,17.7,18.5,925500
25-Jun-14,18.06,18.25,17.5,17.59,962000
24-Jun-14,18.15,18.17,17.8,18.11,427000
23-Jun-14,17.51,18.25,17.36,18.14,1283000
20-Jun-14,18,18.05,17.6,17.66,244000
19-Jun-14,18.5,18.5,17.51,17.82,1151500
18-Jun-14,18.59,18.59,18.15,18.23,387500
17-Jun-14,18.69,18.8,18.1,18.66,1588500
16-Jun-14,18.6,18.93,18.4,18.47,1187500
13-Jun-14,18.75,19,18.5,18.86,284000
12-Jun-14,18.75,19.23,18.75,18.89,1057500
11-Jun-14,18.6,19.28,18.6,19.02,3375500
10-Jun-14,18.57,18.6,18.31,18.44,912000
9-Jun-14,18.7,18.7,18.2,18.41,300500
6-Jun-14,18.75,19,18.5,18.56,1450500
5-Jun-14,19.1,19.2,18.5,18.79,2446500
4-Jun-14,19.19,19.25,18.8,19.02,750500
3-Jun-14,19.1,19.3,18.51,19,1450000
2-Jun-14,19.24,19.55,19.11,19.23,885000
30-May-14,19.79,19.83,19.25,19.34,2093500
29-May-14,19.5,19.7,19.32,19.4,1808500
28-May-14,19.81,19.85,19.35,19.42,1400500
27-May-14,19.9,20.3,19.6,19.68,2356000
26-May-14,19.5,20.12,19.5,19.95,2532500
23-May-14,19.19,19.78,19.19,19.53,4854500
22-May-14,19.14,19.15,18.81,19.12,1508000
21-May-14,18.96,19.25,18.75,18.83,1834000
20-May-14,19,19.09,18.8,18.9,790500
19-May-14,18.8,19.03,18.75,18.99,1439000
16-May-14,18.75,18.8,18.4,18.71,771000
15-May-14,18.9,18.9,18.6,18.65,813000
14-May-14,18.5,19.2,18.5,18.66,2346000
13-May-14,18.4,18.64,18.06,18.58,716000
12-May-14,19.17,19.25,18.16,18.48,1369000
9-May-14,18.84,19.32,18.8,18.99,3796500
8-May-14,18.9,18.95,18.7,18.79,959000
7-May-14,18.71,19.1,18.7,18.9,943000
6-May-14,19.25,19.25,18.72,18.96,3994000
5-May-14,19.15,19.3,18.8,19.13,6441500
2-May-14,18.5,19.32,18.4,19.01,6107500
30-Apr-14,17.64,18.6,17.6,18.59,8076500
29-Apr-14,17.5,17.67,16.87,17.6,3492500
28-Apr-14,18.35,18.35,17.26,17.42,1579500
25-Apr-14,18.75,18.9,17.99,18.02,5982500
24-Apr-14,19.35,19.55,18.9,18.99,1046000
23-Apr-14,20.09,20.15,19.35,19.49,1189500
22-Apr-14,20,20.15,19.65,19.86,3093000
21-Apr-14,20.35,20.49,19.9,19.96,2411500
18-Apr-14,20.01,20.46,19.9,20.29,7962000
17-Apr-14,19,19.9,18.19,19.46,5845000
16-Apr-14,18.14,19.05,17.94,18.95,2632500
15-Apr-14,18.5,18.5,18.15,18.28,553500
14-Apr-14,18.4,18.74,18.14,18.31,1185000
11-Apr-14,18.68,18.99,18.1,18.36,1307500
10-Apr-14,17.76,18.63,17.62,18.63,5301000
9-Apr-14,17.77,17.95,17.6,17.63,1456000
8-Apr-14,17.1,18,17.05,17.84,6026000
7-Apr-14,16.8,17.34,16.6,17.21,2842500
4-Apr-14,16.96,17.25,16.7,16.76,1824500
3-Apr-14,17.09,17.34,16.9,17.08,1780500
2-Apr-14,17.45,17.49,16.84,16.87,484000
1-Apr-14,17.35,17.49,17.1,17.12,283000
31-Mar-14,17.25,17.55,17.12,17.35,732500
28-Mar-14,17.1,17.45,16.85,17,785500
27-Mar-14,17.2,17.6,17.02,17.12,1614500
26-Mar-14,17.2,17.25,16.95,17.02,311000
25-Mar-14,17,17.25,17,17.1,334000
24-Mar-14,17.1,17.1,16.8,17.01,403500
21-Mar-14,17.28,17.57,17.1,17.2,609000
20-Mar-14,17.35,17.74,17.1,17.31,945500
19-Mar-14,17.9,17.9,17.14,17.5,2167000
18-Mar-14,18.31,18.5,17.66,17.86,4223000
17-Mar-14,17.5,18.32,17.5,18.22,6076000
14-Mar-14,16.77,17.77,16.77,17.32,12379000
13-Mar-14,16.15,16.89,16.15,16.77,7302500
12-Mar-14,16.24,16.6,15.99,16.11,6761000
11-Mar-14,15.41,16.25,15.4,16.04,5016000
10-Mar-14,15.44,15.65,15.18,15.42,2922000
7-Mar-14,15.45,15.48,15.02,15.36,666000
6-Mar-14,14.79,15.49,14.65,15.37,5169000
5-Mar-14,13.82,14.79,13.82,14.61,4333500
4-Mar-14,13.6,14,13.5,13.83,1586000
3-Mar-14,13.66,13.8,13.65,13.65,370500
28-Feb-14,13.5,13.88,13.5,13.65,550500
27-Feb-14,13.4,13.62,13.4,13.52,1233000
26-Feb-14,13.4,13.5,13.35,13.37,552500
25-Feb-14,13.72,13.88,13.33,13.37,1100000
24-Feb-14,13.8,14.04,13.75,13.79,968000
21-Feb-14,13.72,14.09,13.7,13.87,1537500
20-Feb-14,13.81,14,13.75,13.9,1052500
19-Feb-14,14.07,14.45,13.85,13.91,1644500
18-Feb-14,14.5,14.75,13.36,14.31,12792000
17-Feb-14,15.06,15.15,14.25,14.34,2830500
14-Feb-14,15.39,15.58,15.1,15.14,3451500
13-Feb-14,14.9,15.6,14.58,15.14,7587500
12-Feb-14,13.85,14.83,13.85,14.78,4981000
11-Feb-14,13.8,13.9,13.61,13.83,539500
10-Feb-14,13.99,14.01,13.77,13.81,232500
7-Feb-14,14.16,14.2,13.96,14,329500
6-Feb-14,14.1,14.3,14.03,14.21,843500
4-Feb-14,14.02,14.2,13.97,14,558000
3-Feb-14,14.02,14.12,13.95,14.03,301000
31-Jan-14,14.05,14.2,14,14.04,425000
30-Jan-14,14.01,14.25,14,14.08,977500
29-Jan-14,14,14.2,14,14.04,452500
28-Jan-14,14.15,14.19,14,14.04,578500
27-Jan-14,14.39,14.39,13.94,14.11,580000
24-Jan-14,14.21,14.34,14.05,14.2,835000
23-Jan-14,14.5,14.7,14.23,14.28,1372500
22-Jan-14,14.1,14.6,14.05,14.48,3870000
21-Jan-14,13.8,14.17,13.71,14.06,2591000
20-Jan-14,13.75,14,13.65,13.73,8024500
17-Jan-14,13.9,13.9,13.62,13.73,215000
16-Jan-14,13.9,13.9,13.65,13.7,376000
15-Jan-14,13.99,14,13.8,13.86,341000
13-Jan-14,14.05,14.07,13.71,13.83,441500
10-Jan-14,13.77,14.02,13.77,13.94,2933500
9-Jan-14,13.81,14.14,13.71,13.84,641000
8-Jan-14,13.91,14.1,13.8,13.97,908000
7-Jan-14,14.28,14.35,13.92,13.99,1244000
6-Jan-14,14.04,14.28,13.8,14.11,1155000
3-Jan-14,14,14.1,13.9,14.03,300500
2-Jan-14,14.09,14.1,13.8,13.89,774500
1-Jan-14,13.92,14.08,13.92,13.99,256500
31-Dec-13,13.7,14.05,13.7,14,1354000
30-Dec-13,13.75,14,13.7,13.79,456000
27-Dec-13,14.01,14.1,13.55,13.71,1146500
26-Dec-13,14.28,14.35,13.95,14.04,916500
24-Dec-13,14.5,14.55,14.14,14.18,473500
23-Dec-13,14.69,14.69,14.3,14.4,406500
20-Dec-13,14.31,14.6,14.1,14.53,2512000
19-Dec-13,14,14.45,13.91,14.26,4695500
18-Dec-13,13.75,14.1,13.75,13.92,2226000
17-Dec-13,13.7,13.99,13.5,13.75,900500
16-Dec-13,13.61,13.96,13.6,13.8,833500
13-Dec-13,13.7,13.75,13.49,13.59,506500
12-Dec-13,13.6,13.75,13.5,13.6,240500
11-Dec-13,13.5,13.65,13.45,13.57,371500
10-Dec-13,13.7,13.79,13.5,13.51,570500
9-Dec-13,14.08,14.1,13.6,13.69,832500
6-Dec-13,14.14,14.14,13.75,13.83,1508000
5-Dec-13,13.74,14.24,13.74,13.98,4638000
4-Dec-13,13.7,14,13.65,13.67,1232000
3-Dec-13,13.6,13.93,13.5,13.65,2550000
2-Dec-13,13,13.65,13,13.55,3350000
29-Nov-13,13.25,13.36,12.92,13,649000
28-Nov-13,12.69,13.37,12.6,13.27,3550500
27-Nov-13,12.12,12.63,11.94,12.55,1462000
26-Nov-13,12.29,12.37,12.12,12.13,209000
25-Nov-13,12.39,12.6,12.25,12.29,562500
22-Nov-13,12.35,12.48,12.15,12.22,379500
21-Nov-13,12.45,12.5,12.05,12.36,953500
20-Nov-13,12.72,12.83,12.4,12.48,1192500
19-Nov-13,13.17,13.17,12.69,12.89,3281500
18-Nov-13,12.9,13.48,12.9,13.26,1842000
13-Nov-13,13.09,13.1,12.72,12.91,306000
12-Nov-13,12.44,13.34,12.31,12.9,3008000
11-Nov-13,11.08,12.34,11.08,12.34,2280500
8-Nov-13,10.72,11.45,10.72,11.34,531500
7-Nov-13,10.99,11.05,10.82,10.85,1358000
6-Nov-13,10.9,11,10.75,10.84,3471000
5-Nov-13,10.73,10.98,10.73,10.85,470500
4-Nov-13,10.7,10.92,10.7,10.76,150500
1-Nov-13,10.88,11.15,10.71,10.82,314500
31-Oct-13,10.93,11,10.71,10.88,165000
30-Oct-13,11.01,11.36,10.85,10.93,283500
29-Oct-13,10.93,11.15,10.91,11.01,133000
28-Oct-13,10.98,11,10.8,10.93,82000
25-Oct-13,11.14,11.15,10.9,10.98,426000
24-Oct-13,11.29,11.39,11.1,11.14,370000
23-Oct-13,11.3,11.75,11.25,11.29,859500
22-Oct-13,11.38,11.45,11.2,11.3,529000
21-Oct-13,12.01,12.3,11.16,11.38,3061500
14-Oct-13,11.7,12.15,11.66,12.01,916000
11-Oct-13,11.54,11.79,11.5,11.7,715000
10-Oct-13,11.68,11.8,11.4,11.54,695000
9-Oct-13,12.05,12,11.56,11.68,567500
8-Oct-13,12.21,12.34,11.95,12.05,376500
7-Oct-13,12.6,12.64,12.2,12.21,196000
4-Oct-13,12.66,13.63,12.57,12.6,172000
3-Oct-13,12.76,12.89,12.65,12.66,119000
2-Oct-13,12.86,12.94,12.66,12.76,185500
1-Oct-13,12.79,13,12.62,12.86,205000
30-Sep-13,13.31,13.2,12.7,12.79,287000
27-Sep-13,13.42,13.65,13.22,13.31,450000
26-Sep-13,13.56,13.7,13.35,13.42,258500
25-Sep-13,13.59,13.7,13.45,13.56,283500
24-Sep-13,13.83,14,13.45,13.59,496500
23-Sep-13,13.78,13.9,13.72,13.83,245000
20-Sep-13,14.29,14.39,13.7,13.78,686000
19-Sep-13,13.63,14.38,13.53,14.29,975500
18-Sep-13,14.02,14,13.6,13.63,310500
17-Sep-13,14.2,14.25,14,14.02,222000
16-Sep-13,14,14.6,14.15,14.2,727500
13-Sep-13,14.19,14.45,13.95,14,327500
12-Sep-13,14.49,15.18,14.1,14.19,2387500
11-Sep-13,13.89,14.75,13.7,14.49,843500
10-Sep-13,13.78,14,13.8,13.89,469500
9-Sep-13,13.67,13.85,13.6,13.78,439500
6-Sep-13,13.59,13.88,13.55,13.67,441000
5-Sep-13,13.27,13.6,13.25,13.59,442500
4-Sep-13,13.46,13.38,13.25,13.27,100500
3-Sep-13,13.24,13.5,13.2,13.46,480000
2-Sep-13,13.19,13.44,13,13.24,536000
30-Aug-13,13.06,13.4,12.95,13.19,444000
29-Aug-13,13.42,13.57,13,13.06,935500
28-Aug-13,13.82,13.98,13.12,13.42,849500
27-Aug-13,15.85,16.09,15.72,15.92,2998500
26-Aug-13,15.84,16.08,15.76,15.85,2097500
23-Aug-13,15.48,15.9,15.5,15.84,1176500
22-Aug-13,15.29,15.75,15.25,15.48,907000
21-Aug-13,15.46,15.59,15.27,15.29,615000
20-Aug-13,15.53,15.75,15.31,15.46,695000
19-Aug-13,15.16,15.77,15.03,15.53,1599500
16-Aug-13,15.1,15.3,15.03,15.16,229000
15-Aug-13,15.05,15.35,14.9,15.1,838000
13-Aug-13,15.09,15.3,14.9,15.05,497000
12-Aug-13,14.44,15.18,14.36,15.09,1058500
7-Aug-13,14.23,14.69,14.12,14.44,692000
6-Aug-13,14.22,14.5,14.2,14.23,148000
5-Aug-13,14.68,14.95,14.01,14.22,749000
1-Aug-13,14.82,14.98,14.65,14.68,310000
31-Jul-13,14.86,14.97,14.7,14.82,132000
30-Jul-13,14.93,15.1,14.74,14.86,560500
29-Jul-13,14.98,15.26,14.81,14.93,968000
26-Jul-13,14.82,15,14.7,14.98,1147000
25-Jul-13,14.68,15.1,14.47,14.82,3051000
24-Jul-13,15.55,15.2,14.63,14.68,4496500
23-Jul-13,16.33,16.42,15.33,15.55,5996000
22-Jul-13,16.66,16.98,16.21,16.33,2774000
19-Jul-13,15.91,16.79,15.9,16.66,6489000
18-Jul-13,15.73,15.95,15.6,15.91,660000
17-Jul-13,15.94,16.15,15.7,15.73,486000
16-Jul-13,15.95,16.15,15.75,15.94,600500
15-Jul-13,15.69,16,15.6,15.95,749500
12-Jul-13,15.51,15.77,15.51,15.69,401500
11-Jul-13,15.82,15.99,15.5,15.51,1128500
10-Jul-13,16.1,16.38,15.78,15.82,2740500
9-Jul-13,15.48,16.25,15.4,16.1,6142000
8-Jul-13,15.85,15.95,15.45,15.48,1615500
5-Jul-13,15.73,16,15.6,15.85,815500
4-Jul-13,15.57,16,15.51,15.73,677500
3-Jul-13,15.59,15.85,15.5,15.57,154500
2-Jul-13,15.55,15.73,15.4,15.59,408500
1-Jul-13,15.22,15.6,15.21,15.55,246500
28-Jun-13,15.35,15.5,15.1,15.22,329000
27-Jun-13,15.33,15.65,15.31,15.35,245000
26-Jun-13,15.55,15.8,15.31,15.33,990000
25-Jun-13,15.5,16,15.4,15.55,3114000
24-Jun-13,16.12,16.17,15.5,15.5,1561000
21-Jun-13,16.69,16.8,16,16.12,544000
20-Jun-13,16.46,16.98,16.3,16.69,5262000
19-Jun-13,16.53,16.75,16.31,16.46,976500
18-Jun-13,16.75,16.8,16.51,16.53,494000
17-Jun-13,16.9,17.15,16.65,16.75,1146500
14-Jun-13,16.53,16.96,16.51,16.9,823500
13-Jun-13,16.49,16.78,16.5,16.53,1197000
12-Jun-13,16.56,16.65,16.3,16.49,266000
11-Jun-13,16.59,16.72,16.52,16.56,656000
10-Jun-13,16.73,16.9,16.42,16.59,667500
7-Jun-13,16.71,17.2,16.67,16.73,2193000
6-Jun-13,16.1,17,16,16.71,4882500
5-Jun-13,15.87,16.2,15.85,16.1,1832000
4-Jun-13,16.23,16.39,15.5,15.87,2503500
3-Jun-13,16.41,16.6,16.1,16.23,2080500
31-May-13,15.55,16.55,15.55,16.41,7298500
30-May-13,15.28,15.75,15.29,15.55,2440500
29-May-13,15.47,15.85,15.21,15.28,2320000
28-May-13,15.64,15.99,15.4,15.47,1173000
27-May-13,15.82,16.2,15.4,15.64,1598000
24-May-13,16.71,16.71,15.71,15.82,6895000
23-May-13,16.88,17.03,16.68,16.71,206500
22-May-13,17.1,17.1,16.65,16.88,1306500
21-May-13,16.95,17.17,16.69,17.1,182000
20-May-13,16.84,16.99,16.75,16.95,104500
17-May-13,17.2,17.44,16.55,16.84,350000
16-May-13,17.23,17.39,17,17.2,23500
15-May-13,17.59,17.55,16.8,17.23,281000
14-May-13,17.4,17.8,17.17,17.59,123500
13-May-13,17.07,17.9,17.11,17.4,72500
10-May-13,16.68,17.35,16.92,17.07,224000
9-May-13,16.83,16.99,16.5,16.68,190000
8-May-13,16.91,17.1,16.8,16.83,132000
7-May-13,17.34,17.5,16.81,16.91,164500
6-May-13,18.2,18.7,17.26,17.34,396000
3-May-13,18.4,18.85,18.12,18.2,365000
2-May-13,18.45,19.2,18.34,18.4,640000
30-Apr-13,17.47,18.47,17.5,18.45,489500
29-Apr-13,16.74,17.56,17,17.47,442500
26-Apr-13,16.75,17.75,16.61,16.74,429500
25-Apr-13,15.75,16.75,16,16.75,519500
24-Apr-13,15.3,16.25,15.13,15.75,524000
23-Apr-13,15.71,15.8,15.03,15.3,686000
22-Apr-13,16.71,16.59,15.71,15.71,663000
19-Apr-13,17.71,16.71,16.71,16.71,15500
18-Apr-13,18.71,17.71,17.71,17.71,44000
17-Apr-13,18.72,18.98,18.5,18.71,2106500
16-Apr-13,18.77,19.01,18.65,18.72,2029500
15-Apr-13,19.08,19.15,18.76,18.77,2577500
12-Apr-13,19.1,19.18,18.95,19.08,1227000
11-Apr-13,19.08,19.2,19.03,19.1,885500
10-Apr-13,18.96,19.23,18.9,19.08,1237500
9-Apr-13,18.77,19.2,18.71,18.96,2535000
8-Apr-13,19.13,19.24,18.56,18.77,1946000
5-Apr-13,19.24,19.25,19.06,19.13,2040500
4-Apr-13,19.04,19.3,19,19.24,1587500
3-Apr-13,19.05,19.2,19.01,19.04,168000
2-Apr-13,19.28,19.3,19.03,19.05,311500
1-Apr-13,19.16,19.3,19.1,19.28,1302000
29-Mar-13,18.66,19.3,18.72,19.16,2275500
28-Mar-13,18.67,18.9,18.57,18.66,1758500
27-Mar-13,18.66,18.9,18.52,18.67,865500
26-Mar-13,18.61,18.71,18.48,18.66,519000
25-Mar-13,18.39,18.71,18.25,18.61,600000
22-Mar-13,18.38,18.48,18.15,18.39,450500
21-Mar-13,18.13,18.5,18.1,18.38,472500
20-Mar-13,18.05,18.21,18.01,18.13,1083000
19-Mar-13,18.3,18.55,18,18.05,1595000
18-Mar-13,18.54,19,18.21,18.3,475000
15-Mar-13,18.6,18.61,18.5,18.54,1576500
14-Mar-13,18.7,18.8,18.55,18.6,495000
13-Mar-13,18.88,19,18.6,18.7,654000
12-Mar-13,18.74,19.08,18.7,18.88,1260000
11-Mar-13,19.28,19.25,18.65,18.74,4557500
8-Mar-13,19.27,19.4,19.06,19.28,2254000
7-Mar-13,19.26,19.75,19.2,19.27,5221500
6-Mar-13,19.33,19.7,19.2,19.26,4491000
5-Mar-13,19.53,19.75,19.2,19.33,1716000
4-Mar-13,19.42,20.05,19.21,19.53,4632000
1-Mar-13,18.74,19.6,18.7,19.42,7822000
28-Feb-13,18.88,18.95,18.71,18.74,441500
27-Feb-13,18.63,19.15,18.57,18.88,1659500
26-Feb-13,18.69,18.8,18.55,18.63,682500
25-Feb-13,18.77,18.9,18.5,18.69,742500
22-Feb-13,18.98,19.05,18.6,18.77,2006500
21-Feb-13,18.8,19.27,18.77,18.98,2227500
20-Feb-13,18.62,19.03,18.41,18.8,2205500
19-Feb-13,19.03,19.15,18.42,18.62,3241500
18-Feb-13,19.08,19.25,18.6,19.03,6675500
15-Feb-13,19.12,19.2,19.03,19.08,872500
14-Feb-13,19.15,19.45,19,19.12,1211500
13-Feb-13,19.5,19.7,19.05,19.15,2573500
12-Feb-13,19.45,19.67,19.22,19.5,2697000
11-Feb-13,19.69,19.74,19.31,19.45,3550000
8-Feb-13,18.7,19.7,18.82,19.69,24577000
7-Feb-13,18.53,18.93,18.45,18.7,1186000
6-Feb-13,18.67,18.88,18.4,18.53,483500
4-Feb-13,18.44,18.9,18.31,18.67,1084500
1-Feb-13,18.29,18.49,18.2,18.44,299000
31-Jan-13,18.21,18.39,18.1,18.29,1479500
30-Jan-13,18.64,18.69,18.15,18.21,1150500
29-Jan-13,18.43,18.8,18.4,18.64,628500
28-Jan-13,18.51,18.7,18.4,18.43,563000
24-Jan-13,18.57,18.78,18.42,18.51,1731500
23-Jan-13,18.79,18.9,18.52,18.57,536000
22-Jan-13,18.71,18.9,18.7,18.79,892500
21-Jan-13,18.68,18.84,18.45,18.71,826000
18-Jan-13,18.12,18.75,18.5,18.68,1215500
17-Jan-13,17.79,18.32,17.8,18.12,1619500
16-Jan-13,17.82,18.2,17.5,17.79,1170500
15-Jan-13,18.79,18.66,17.79,17.82,3716000
14-Jan-13,18.69,18.9,18.3,18.79,535500
11-Jan-13,18.67,19,18.51,18.69,1833500
10-Jan-13,18.85,18.94,18.5,18.67,1956500
9-Jan-13,18.84,19.52,18.76,18.85,12429000
8-Jan-13,17.84,18.84,18.26,18.84,6517500
7-Jan-13,17.63,18,17.43,17.84,2392000
4-Jan-13,17.25,17.75,17.25,17.63,1978500
3-Jan-13,17.06,17.5,17.01,17.25,1214500
2-Jan-13,17,17.58,16.87,17.06,3966000
1-Jan-13,17.22,17.29,16.9,17,1292000
31-Dec-12,17.41,17.64,17.05,17.22,2079000
28-Dec-12,16.75,17.75,16.8,17.41,9230000
27-Dec-12,16.5,16.8,16.57,16.75,709000
26-Dec-12,16.5,16.56,16.45,16.5,181500
24-Dec-12,16.63,16.74,16.4,16.5,588500
21-Dec-12,16.75,16.81,16.57,16.63,381000
20-Dec-12,16.74,17,16.7,16.75,502500
19-Dec-12,16.83,16.9,16.66,16.74,441000
18-Dec-12,16.74,16.9,16.65,16.83,335000
17-Dec-12,16.79,16.92,16.68,16.74,324500
14-Dec-12,16.82,16.9,16.66,16.79,353000
13-Dec-12,16.84,17.05,16.8,16.82,391500
12-Dec-12,16.87,17.35,16.8,16.84,1489000
11-Dec-12,17.07,17.2,16.79,16.87,472000
10-Dec-12,16.77,17.35,16.9,17.07,5769000
7-Dec-12,16.87,17,16.75,16.77,1023500
6-Dec-12,16.63,17.02,16.7,16.87,2997500
5-Dec-12,16.47,16.89,16.41,16.63,3622000
4-Dec-12,16.53,16.7,16.45,16.47,552000
3-Dec-12,16.61,16.95,16.45,16.53,2643500
30-Nov-12,16.56,16.7,16.5,16.61,1127000
29-Nov-12,16.48,16.65,16.4,16.56,627500
28-Nov-12,16.63,16.73,16.43,16.48,483500
27-Nov-12,16.72,16.8,16.56,16.63,1356000
26-Nov-12,16.78,16.83,16.6,16.72,627000
23-Nov-12,16.54,16.88,16.51,16.78,999500
22-Nov-12,16.27,16.84,16.28,16.54,1883000
21-Nov-12,16.25,16.45,16.25,16.27,180500
20-Nov-12,16.2,16.66,16.2,16.25,1626500
19-Nov-12,16.36,16.45,16,16.2,1515500
16-Nov-12,16.3,16.5,16.31,16.36,735500
15-Nov-12,16.31,16.45,16.25,16.3,490500
14-Nov-12,16.37,16.4,16.25,16.31,538000
13-Nov-12,16.58,16.7,16.32,16.37,1173000
12-Nov-12,16.62,16.75,16.5,16.58,485000
8-Nov-12,16.8,16.8,16.6,16.62,990000
7-Nov-12,16.86,16.99,16.7,16.8,1139500
6-Nov-12,16.95,17.09,16.82,16.86,3112500
5-Nov-12,16.75,17,16.5,16.95,4008500
2-Nov-12,16.84,17,16.42,16.75,3173000
1-Nov-12,16.57,17.1,16.45,16.84,6204500
31-Oct-12,16.64,16.99,15.71,16.57,7729500
30-Oct-12,16.45,17.05,16.4,16.64,2246500
25-Oct-12,16.39,16.6,16.3,16.45,730000
24-Oct-12,16.55,16.52,16.32,16.39,824000
23-Oct-12,16.83,16.98,16.5,16.55,1871000
22-Oct-12,16.51,17.06,16.27,16.83,3560500
19-Oct-12,15.52,16.52,15.79,16.51,15298500
18-Oct-12,15.62,15.77,15.51,15.52,439000
17-Oct-12,15.66,15.75,15.4,15.62,1371000
16-Oct-12,15.73,15.94,15.65,15.66,1213500
15-Oct-12,15.74,15.89,15.7,15.73,350000
12-Oct-12,15.86,15.94,15.44,15.74,1672500
11-Oct-12,15.67,16,15.66,15.86,4706500
10-Oct-12,15.58,16.06,15.58,15.67,6027500
9-Oct-12,15.47,15.74,15.41,15.58,1466000
8-Oct-12,15.22,15.75,15.31,15.47,1790500
5-Oct-12,15.31,15.45,15.16,15.22,363000
4-Oct-12,15.47,15.65,15.3,15.31,1701500
3-Oct-12,15.41,15.7,15.2,15.47,4323500
2-Oct-12,14.97,15.55,14.94,15.41,3401500
1-Oct-12,15.28,15.4,14.9,14.97,442000
28-Sep-12,15.3,15.42,15.2,15.28,343000
27-Sep-12,15.26,15.4,15.1,15.3,348000
26-Sep-12,15.42,15.52,15.25,15.26,216000
25-Sep-12,15.03,15.67,15,15.42,1773500
24-Sep-12,15,15.3,15,15.03,389000
20-Sep-12,15.16,15.34,14.94,15,596000
19-Sep-12,15.03,15.24,14.98,15.16,353500
18-Sep-12,15.22,15.47,14.99,15.03,555000
17-Sep-12,15.31,15.4,15.1,15.22,181500
14-Sep-12,15.26,15.5,15.2,15.31,391000
13-Sep-12,15.51,15.54,15.2,15.26,324000
12-Sep-12,15.57,15.74,15.5,15.51,451000
11-Sep-12,15.6,15.8,15.55,15.57,428500
10-Sep-12,15.79,15.95,15.56,15.6,542500
7-Sep-12,15.5,15.99,15.55,15.79,955000
6-Sep-12,15.42,15.69,15.43,15.5,977500
5-Sep-12,15.68,15.75,15.26,15.42,6396500
4-Sep-12,15.81,15.88,15.5,15.68,1588500
3-Sep-12,15.89,16.08,15.71,15.81,2164000
31-Aug-12,15.88,16.18,15.81,15.89,3757500
30-Aug-12,15.5,16.21,15.5,15.88,3688000
29-Aug-12,15.74,15.85,15.4,15.5,1189000
28-Aug-12,15.82,15.95,15.15,15.74,3071000
27-Aug-12,15.73,16,15.66,15.82,752500
24-Aug-12,16.12,16.29,15.7,15.73,3758000
23-Aug-12,15.37,16.3,15.35,16.12,5710000
16-Aug-12,15.52,15.58,15.35,15.37,985000
15-Aug-12,14.55,15.55,14.6,15.52,3578000
13-Aug-12,14.77,14.7,14.25,14.55,5967500
10-Aug-12,14.98,14.93,14.7,14.77,26000
9-Aug-12,15.01,15.05,14.9,14.98,137500
8-Aug-12,14.72,15.15,14.55,15.01,187000
7-Aug-12,14.88,15.03,14.7,14.72,140500
6-Aug-12,15.25,15.25,14.8,14.88,180000
3-Aug-12,15.43,15.43,15.1,15.25,223500
2-Aug-12,15.56,15.68,15.35,15.43,411000
1-Aug-12,15.52,15.6,15.5,15.56,277500
31-Jul-12,15.68,15.72,15.4,15.52,902000
30-Jul-12,15.46,15.71,15.35,15.68,854500
27-Jul-12,15.59,15.55,15.45,15.46,151500
26-Jul-12,15.5,15.78,15.3,15.59,2296500
25-Jul-12,15.36,15.7,15.4,15.5,3374500
24-Jul-12,15.54,15.8,15.26,15.36,301500
23-Jul-12,15.72,15.84,15.4,15.54,493000
20-Jul-12,14.82,15.82,14.66,15.72,4929121
19-Jul-12,15.04,15.19,14.74,14.82,652523
18-Jul-12,15,15.25,14.81,15.04,508786
17-Jul-12,14.34,15.2,14.3,15,3609206
16-Jul-12,14.46,14.55,14.25,14.34,151494
13-Jul-12,14.64,14.79,14.4,14.46,439837
12-Jul-12,14.78,15.04,14.6,14.64,1393618
11-Jul-12,13.8,14.8,13.8,14.78,3046110
10-Jul-12,13.75,13.99,13.71,13.8,468403
9-Jul-12,13.69,13.81,13.55,13.75,190941
6-Jul-12,13.7,14,13.64,13.69,419344
5-Jul-12,13.89,14,13.6,13.7,114628
4-Jul-12,13.96,14.2,13.81,13.89,365628
3-Jul-12,14.16,14.35,13.85,13.96,290315
2-Jul-12,13.57,14.4,13.36,14.16,880917
29-Jun-12,13.61,13.74,13.3,13.57,89779
28-Jun-12,13.59,13.84,13.3,13.61,158751
27-Jun-12,13.4,13.8,13.4,13.59,429500
26-Jun-12,13.34,13.7,13.12,13.4,606541
25-Jun-12,13.56,13.7,13.3,13.34,84967
22-Jun-12,13.07,13.75,13.02,13.56,423011
21-Jun-12,13.26,13.31,13,13.07,155059
20-Jun-12,13.52,13.77,13.15,13.26,342422
19-Jun-12,13.75,13.73,13.5,13.52,65289
18-Jun-12,13.83,14.08,13.67,13.75,117542
15-Jun-12,13.79,13.95,13.72,13.83,228922
14-Jun-12,13.49,13.93,13.55,13.79,218348
13-Jun-12,13.58,13.84,13.35,13.49,209005
12-Jun-12,13.98,13.87,13.5,13.58,255462
11-Jun-12,14.05,14.2,13.98,13.98,160978
8-Jun-12,14.16,14.28,13.62,14.05,351726
7-Jun-12,14.44,14.55,13.9,14.16,392906
6-Jun-12,14.85,14.85,14.25,14.44,461901
5-Jun-12,14.54,14.93,14.35,14.85,1383158
4-Jun-12,14.67,14.85,14.5,14.54,64027
1-Jun-12,14.62,14.98,14.31,14.67,126692
